01.09.2013 15:13;68
01.09.2013 15:18;69
01.09.2013 15:23;68
01.09.2013 15:28;72
01.09.2013 15:33;70
01.09.2013 15:38;68
01.09.2013 15:43;69
01.09.2013 15:48;68
01.09.2013 15:53;70
01.09.2013 15:58;74
01.09.2013 16:03;76
01.09.2013 16:08;78
01.09.2013 16:13;79
01.09.2013 16:18;77
01.09.2013 16:23;68
01.09.2013 16:28;69
01.09.2013 16:33;69
01.09.2013 16:38;68
01.09.2013 16:43;68
01.09.2013 16:48;68
01.09.2013 16:53;68
01.09.2013 16:58;68
01.09.2013 17:03;68
01.09.2013 17:08;72
01.09.2013 17:13;72
01.09.2013 17:18;72
01.09.2013 17:23;72
01.09.2013 17:28;72
01.09.2013 17:33;72
01.09.2013 17:38;74
01.09.2013 17:43;74
01.09.2013 17:48;77
01.09.2013 17:53;81
01.09.2013 17:58;80
01.09.2013 18:03;81
01.09.2013 18:08;82
01.09.2013 18:13;82
01.09.2013 18:18;81
01.09.2013 18:23;83
01.09.2013 18:28;83
01.09.2013 18:33;84
01.09.2013 18:38;84
01.09.2013 18:43;68
01.09.2013 18:48;67
01.09.2013 18:53;67
01.09.2013 18:58;67
01.09.2013 19:03;67
01.09.2013 19:08;67
01.09.2013 19:13;67
01.09.2013 19:18;67
01.09.2013 19:23;67
01.09.2013 19:28;69
01.09.2013 19:33;69
01.09.2013 19:38;69
01.09.2013 19:43;69
01.09.2013 19:48;69
01.09.2013 19:53;69
01.09.2013 19:58;69
01.09.2013 20:03;69
01.09.2013 20:08;69
01.09.2013 20:13;69
01.09.2013 20:18;69
01.09.2013 20:23;69
01.09.2013 20:28;70
01.09.2013 20:33;69
01.09.2013 20:38;69
01.09.2013 20:43;70
01.09.2013 20:48;70
01.09.2013 20:53;72
01.09.2013 20:58;73
01.09.2013 21:03;74
01.09.2013 21:08;74
01.09.2013 21:13;74
01.09.2013 21:18;74
01.09.2013 21:23;74
01.09.2013 22:47;18
01.09.2013 22:51;18
01.09.2013 22:56;18
02.09.2013 07:48;73
02.09.2013 07:53;74
02.09.2013 07:58;74
02.09.2013 08:03;73
02.09.2013 08:08;73
02.09.2013 08:13;73
02.09.2013 08:18;72
02.09.2013 08:23;73
02.09.2013 09:47;73
02.09.2013 09:52;73
02.09.2013 09:57;74
02.09.2013 10:02;74
02.09.2013 10:07;73
02.09.2013 10:12;74
02.09.2013 10:17;73
02.09.2013 10:22;74
02.09.2013 10:27;74
02.09.2013 10:32;74
02.09.2013 10:37;74
02.09.2013 10:42;74
02.09.2013 10:47;74
02.09.2013 10:52;74
02.09.2013 10:57;74
02.09.2013 11:02;74
02.09.2013 11:07;74
02.09.2013 11:12;74
02.09.2013 11:17;75
02.09.2013 11:22;76
02.09.2013 11:27;77
02.09.2013 11:32;77
02.09.2013 11:37;77
02.09.2013 11:42;78
02.09.2013 11:47;78
02.09.2013 11:52;78
02.09.2013 11:57;78
02.09.2013 12:02;78
02.09.2013 12:07;78
02.09.2013 12:12;78
02.09.2013 12:17;78
02.09.2013 12:22;78
02.09.2013 12:27;78
02.09.2013 12:32;78
02.09.2013 12:37;74
02.09.2013 12:42;74
02.09.2013 12:47;75
02.09.2013 12:52;76
02.09.2013 12:57;77
02.09.2013 13:02;77
02.09.2013 13:07;77
02.09.2013 13:12;78
02.09.2013 13:17;76
02.09.2013 15:06;76
02.09.2013 15:11;77
02.09.2013 15:16;77
02.09.2013 15:21;77
02.09.2013 15:26;77
02.09.2013 15:31;77
02.09.2013 15:36;77
02.09.2013 15:41;77
02.09.2013 15:46;77
02.09.2013 15:51;77
02.09.2013 15:56;77
02.09.2013 16:01;76
02.09.2013 16:06;76
02.09.2013 16:11;77
02.09.2013 16:16;76
02.09.2013 16:21;76
02.09.2013 16:26;77
02.09.2013 16:31;77
02.09.2013 16:36;77
02.09.2013 16:41;77
02.09.2013 18:25;77
02.09.2013 18:30;77
02.09.2013 18:35;77
02.09.2013 18:40;77
02.09.2013 18:45;77
02.09.2013 18:50;77
02.09.2013 18:55;77
02.09.2013 19:00;77
02.09.2013 19:05;77
02.09.2013 19:10;77
02.09.2013 19:15;77
02.09.2013 19:20;77
02.09.2013 19:55;77
02.09.2013 20:00;78
02.09.2013 20:05;78
02.09.2013 20:10;78
02.09.2013 20:15;78
02.09.2013 20:20;78
02.09.2013 20:25;78
02.09.2013 20:30;78
02.09.2013 20:35;78
02.09.2013 20:40;78
02.09.2013 20:45;78
02.09.2013 20:50;78
02.09.2013 20:55;78
02.09.2013 21:00;78
02.09.2013 21:05;78
02.09.2013 21:10;78
02.09.2013 21:15;78
02.09.2013 21:20;78
02.09.2013 22:05;79
02.09.2013 22:10;79
02.09.2013 22:15;79
02.09.2013 22:20;79
02.09.2013 22:25;79
02.09.2013 22:30;79
02.09.2013 22:35;80
03.09.2013 07:30;82
03.09.2013 07:35;80
03.09.2013 07:40;80
03.09.2013 07:45;80
03.09.2013 08:29;80
03.09.2013 08:34;80
03.09.2013 08:39;80
03.09.2013 08:44;80
03.09.2013 08:49;80
03.09.2013 08:54;80
03.09.2013 08:59;78
03.09.2013 09:04;79
03.09.2013 09:09;79
03.09.2013 09:14;80
03.09.2013 09:19;80
03.09.2013 09:24;80
03.09.2013 09:29;79
03.09.2013 09:34;79
03.09.2013 09:39;81
03.09.2013 09:44;80
03.09.2013 09:49;81
03.09.2013 09:54;81
03.09.2013 09:59;80
03.09.2013 10:04;77
03.09.2013 10:09;77
03.09.2013 10:14;78
03.09.2013 10:19;77
03.09.2013 10:24;77
03.09.2013 10:29;77
03.09.2013 10:34;77
03.09.2013 10:39;78
03.09.2013 10:44;78
03.09.2013 10:49;78
03.09.2013 10:54;78
03.09.2013 10:59;78
03.09.2013 11:04;78
03.09.2013 11:09;78
03.09.2013 11:14;78
03.09.2013 11:19;78
03.09.2013 11:24;78
03.09.2013 11:29;78
03.09.2013 11:34;79
03.09.2013 11:39;79
03.09.2013 11:44;78
03.09.2013 11:49;78
03.09.2013 12:50;78
03.09.2013 12:55;81
03.09.2013 13:00;81
03.09.2013 13:05;81
03.09.2013 13:10;84
03.09.2013 13:15;84
03.09.2013 13:20;85
03.09.2013 13:25;85
03.09.2013 13:30;85
03.09.2013 13:35;86
03.09.2013 13:40;86
03.09.2013 13:45;86
03.09.2013 13:50;86
03.09.2013 13:55;86
03.09.2013 14:00;86
03.09.2013 14:05;86
03.09.2013 14:10;86
03.09.2013 14:15;86
03.09.2013 14:20;86
03.09.2013 14:25;86
03.09.2013 14:30;86
03.09.2013 14:35;86
03.09.2013 14:40;86
03.09.2013 14:45;86
03.09.2013 14:50;71
03.09.2013 14:55;69
03.09.2013 15:00;68
03.09.2013 15:05;68
03.09.2013 15:10;70
03.09.2013 15:15;69
03.09.2013 15:20;69
03.09.2013 15:25;69
03.09.2013 15:30;69
03.09.2013 15:35;69
03.09.2013 15:40;68
03.09.2013 15:45;69
03.09.2013 15:50;69
03.09.2013 15:55;69
03.09.2013 16:00;70
03.09.2013 16:05;72
03.09.2013 16:10;72
03.09.2013 16:15;72
03.09.2013 16:20;69
03.09.2013 16:25;68
03.09.2013 16:30;69
03.09.2013 16:35;70
03.09.2013 16:40;70
03.09.2013 16:45;70
03.09.2013 16:50;70
03.09.2013 16:55;69
03.09.2013 17:00;71
03.09.2013 17:05;69
03.09.2013 20:57;69
03.09.2013 21:02;68
03.09.2013 21:07;68
03.09.2013 21:12;68
03.09.2013 21:17;68
03.09.2013 21:22;68
03.09.2013 21:27;68
03.09.2013 21:32;68
03.09.2013 21:37;68
03.09.2013 21:42;68
03.09.2013 21:47;68
03.09.2013 21:52;68
03.09.2013 21:57;68
03.09.2013 22:02;68
03.09.2013 22:07;68
03.09.2013 22:12;68
03.09.2013 22:17;68
03.09.2013 22:22;68
03.09.2013 22:27;68
03.09.2013 22:32;68
03.09.2013 22:37;68
04.09.2013 07:28;72
04.09.2013 07:33;70
04.09.2013 07:38;69
04.09.2013 08:40;70
04.09.2013 08:45;69
04.09.2013 08:50;72
04.09.2013 08:55;70
04.09.2013 09:00;72
04.09.2013 09:05;73
04.09.2013 09:10;72
04.09.2013 09:15;72
04.09.2013 09:20;71
04.09.2013 09:25;69
04.09.2013 09:30;70
04.09.2013 09:35;70
04.09.2013 09:40;70
04.09.2013 09:45;71
04.09.2013 09:50;71
04.09.2013 09:55;72
04.09.2013 10:00;70
04.09.2013 10:05;71
04.09.2013 10:10;72
04.09.2013 10:15;72
04.09.2013 10:20;73
04.09.2013 10:25;73
04.09.2013 10:30;73
04.09.2013 10:35;73
04.09.2013 10:40;71
04.09.2013 10:45;73
04.09.2013 10:50;74
04.09.2013 10:55;70
04.09.2013 11:00;70
04.09.2013 11:05;70
04.09.2013 11:10;70
04.09.2013 11:15;71
04.09.2013 11:20;72
04.09.2013 11:25;70
04.09.2013 11:30;70
04.09.2013 11:35;70
04.09.2013 11:40;71
04.09.2013 11:45;71
04.09.2013 11:50;70
04.09.2013 11:55;70
04.09.2013 12:00;70
04.09.2013 12:05;70
04.09.2013 12:10;70
04.09.2013 12:15;70
04.09.2013 12:20;70
04.09.2013 12:25;70
04.09.2013 12:30;70
04.09.2013 12:35;70
04.09.2013 12:40;72
04.09.2013 12:45;72
04.09.2013 12:50;72
04.09.2013 12:55;72
04.09.2013 13:00;71
04.09.2013 13:05;71
04.09.2013 13:10;71
04.09.2013 13:15;71
04.09.2013 13:20;71
04.09.2013 13:25;71
04.09.2013 13:30;71
04.09.2013 13:35;71
04.09.2013 13:40;73
04.09.2013 13:45;74
04.09.2013 13:50;73
04.09.2013 13:55;76
04.09.2013 14:00;74
04.09.2013 14:05;78
04.09.2013 14:10;72
04.09.2013 14:15;70
04.09.2013 14:20;73
04.09.2013 14:25;71
04.09.2013 14:30;69
04.09.2013 14:35;71
04.09.2013 14:40;73
04.09.2013 14:45;72
04.09.2013 14:50;72
04.09.2013 14:55;75
04.09.2013 15:00;76
04.09.2013 15:05;69
04.09.2013 15:10;70
04.09.2013 15:15;70
04.09.2013 15:20;70
04.09.2013 15:25;71
04.09.2013 15:30;71
04.09.2013 15:35;70
04.09.2013 15:40;69
04.09.2013 15:45;70
04.09.2013 15:50;70
04.09.2013 15:55;70
04.09.2013 16:00;69
04.09.2013 16:05;69
04.09.2013 16:10;69
04.09.2013 16:15;69
04.09.2013 16:20;71
04.09.2013 16:25;70
04.09.2013 16:30;70
04.09.2013 16:35;70
04.09.2013 16:40;69
04.09.2013 16:45;69
04.09.2013 16:50;69
04.09.2013 16:55;69
04.09.2013 17:00;69
04.09.2013 17:05;70
04.09.2013 17:10;69
04.09.2013 17:15;69
04.09.2013 19:43;71
04.09.2013 19:48;71
04.09.2013 19:53;71
04.09.2013 19:58;71
04.09.2013 20:03;71
04.09.2013 20:08;71
04.09.2013 20:13;71
04.09.2013 20:18;71
04.09.2013 20:23;73
04.09.2013 20:28;73
04.09.2013 20:33;72
04.09.2013 20:38;72
04.09.2013 20:43;72
04.09.2013 20:48;72
04.09.2013 20:53;72
04.09.2013 20:58;72
04.09.2013 21:03;72
04.09.2013 21:08;72
04.09.2013 21:13;72
04.09.2013 21:18;72
04.09.2013 21:23;72
04.09.2013 21:28;72
04.09.2013 21:33;72
04.09.2013 21:38;73
04.09.2013 21:43;72
04.09.2013 21:48;72
04.09.2013 21:53;72
04.09.2013 21:58;72
04.09.2013 22:03;72
04.09.2013 22:08;72
04.09.2013 22:13;72
04.09.2013 22:18;72
04.09.2013 22:23;72
04.09.2013 22:28;72
04.09.2013 22:33;72
04.09.2013 22:38;72
04.09.2013 22:45;72
05.09.2013 06:21;72
05.09.2013 06:26;72
05.09.2013 06:31;77
05.09.2013 06:36;72
05.09.2013 08:42;74
05.09.2013 08:47;72
05.09.2013 08:52;72
05.09.2013 08:57;72
05.09.2013 09:02;72
05.09.2013 09:07;73
05.09.2013 09:12;73
05.09.2013 09:17;72
05.09.2013 09:22;74
05.09.2013 09:27;74
05.09.2013 09:32;72
05.09.2013 09:37;74
05.09.2013 09:42;77
05.09.2013 09:47;77
05.09.2013 09:52;76
05.09.2013 09:57;76
05.09.2013 10:02;76
05.09.2013 10:07;76
05.09.2013 10:12;76
05.09.2013 10:17;76
05.09.2013 10:22;76
05.09.2013 10:27;76
05.09.2013 10:32;76
05.09.2013 10:37;76
05.09.2013 10:42;76
05.09.2013 10:47;76
05.09.2013 10:52;76
05.09.2013 10:57;76
05.09.2013 11:02;76
05.09.2013 11:07;76
05.09.2013 11:12;76
05.09.2013 11:17;76
05.09.2013 11:22;78
05.09.2013 11:27;76
05.09.2013 11:32;75
05.09.2013 11:37;73
05.09.2013 11:42;73
05.09.2013 11:47;72
05.09.2013 11:52;72
05.09.2013 11:57;72
05.09.2013 12:02;72
05.09.2013 12:07;72
05.09.2013 12:12;72
05.09.2013 12:17;72
05.09.2013 12:22;72
05.09.2013 12:27;72
05.09.2013 12:32;72
05.09.2013 12:37;72
05.09.2013 12:42;73
05.09.2013 12:47;75
05.09.2013 12:52;75
05.09.2013 12:57;75
05.09.2013 13:02;75
05.09.2013 13:07;73
05.09.2013 13:12;72
05.09.2013 13:17;72
05.09.2013 13:22;72
05.09.2013 13:27;72
05.09.2013 13:32;72
05.09.2013 13:37;72
05.09.2013 13:42;72
05.09.2013 13:47;72
05.09.2013 13:52;72
05.09.2013 13:57;72
05.09.2013 14:03;73
05.09.2013 14:07;73
05.09.2013 14:12;73
05.09.2013 14:17;73
05.09.2013 14:22;73
05.09.2013 14:27;73
05.09.2013 14:32;73
05.09.2013 14:37;73
05.09.2013 14:42;73
05.09.2013 14:47;73
05.09.2013 14:52;73
05.09.2013 14:57;73
05.09.2013 15:02;73
05.09.2013 15:07;73
05.09.2013 15:12;73
05.09.2013 15:17;73
05.09.2013 15:22;73
05.09.2013 15:27;73
05.09.2013 15:32;73
05.09.2013 15:37;73
05.09.2013 15:42;73
05.09.2013 15:47;73
05.09.2013 15:52;73
05.09.2013 15:57;73
05.09.2013 16:02;73
05.09.2013 16:07;73
05.09.2013 16:12;74
05.09.2013 16:17;74
05.09.2013 16:22;74
05.09.2013 19:02;75
05.09.2013 19:07;74
05.09.2013 19:12;74
05.09.2013 19:17;74
05.09.2013 19:22;73
05.09.2013 19:27;73
05.09.2013 19:32;73
05.09.2013 19:37;74
05.09.2013 19:42;74
05.09.2013 19:47;74
05.09.2013 19:52;74
05.09.2013 19:57;74
05.09.2013 20:02;74
05.09.2013 20:07;74
05.09.2013 20:12;74
05.09.2013 20:17;74
05.09.2013 20:22;74
05.09.2013 20:27;74
05.09.2013 20:32;74
05.09.2013 20:37;74
05.09.2013 20:42;74
05.09.2013 20:47;74
05.09.2013 20:52;74
05.09.2013 20:57;74
05.09.2013 21:02;74
05.09.2013 21:07;74
05.09.2013 21:12;74
05.09.2013 21:17;74
05.09.2013 21:22;74
05.09.2013 21:27;74
05.09.2013 21:32;74
06.09.2013 07:28;74
06.09.2013 07:33;82
06.09.2013 07:38;77
06.09.2013 08:41;77
06.09.2013 08:46;78
06.09.2013 08:51;79
06.09.2013 08:56;79
06.09.2013 09:01;80
06.09.2013 09:06;80
06.09.2013 09:11;80
06.09.2013 09:16;80
06.09.2013 09:21;81
06.09.2013 09:26;82
06.09.2013 09:31;79
06.09.2013 09:36;76
06.09.2013 09:41;76
06.09.2013 09:46;77
06.09.2013 09:51;76
06.09.2013 09:56;75
06.09.2013 10:01;76
06.09.2013 10:06;77
06.09.2013 10:11;73
06.09.2013 10:16;73
06.09.2013 10:21;73
06.09.2013 10:26;73
06.09.2013 10:31;77
06.09.2013 10:36;77
06.09.2013 10:41;77
06.09.2013 10:46;77
06.09.2013 10:51;77
06.09.2013 10:56;77
06.09.2013 11:01;77
06.09.2013 11:06;79
06.09.2013 11:11;81
06.09.2013 11:16;79
06.09.2013 11:21;80
06.09.2013 11:26;80
06.09.2013 11:31;80
06.09.2013 11:36;79
06.09.2013 11:41;79
06.09.2013 11:46;79
06.09.2013 11:51;79
06.09.2013 11:56;79
06.09.2013 12:01;79
06.09.2013 12:06;79
06.09.2013 12:11;80
06.09.2013 12:16;80
06.09.2013 12:21;80
06.09.2013 12:26;80
06.09.2013 12:31;80
06.09.2013 12:36;80
06.09.2013 12:41;80
06.09.2013 12:46;80
06.09.2013 12:51;80
06.09.2013 12:56;80
06.09.2013 13:01;80
06.09.2013 13:06;80
06.09.2013 13:11;78
06.09.2013 13:16;78
06.09.2013 13:21;78
06.09.2013 13:26;78
06.09.2013 13:31;78
06.09.2013 13:36;78
06.09.2013 13:41;78
06.09.2013 13:46;79
06.09.2013 13:51;81
06.09.2013 13:56;81
06.09.2013 14:01;80
06.09.2013 14:06;80
06.09.2013 14:11;80
06.09.2013 14:16;80
06.09.2013 14:21;80
06.09.2013 14:26;80
06.09.2013 14:31;80
06.09.2013 14:36;80
06.09.2013 14:41;80
06.09.2013 14:46;80
06.09.2013 14:51;80
06.09.2013 14:56;80
06.09.2013 15:01;81
06.09.2013 15:06;81
06.09.2013 15:11;79
06.09.2013 15:16;80
06.09.2013 15:21;80
06.09.2013 15:26;80
06.09.2013 15:31;80
06.09.2013 15:36;80
06.09.2013 15:41;80
06.09.2013 18:04;80
06.09.2013 18:09;78
06.09.2013 18:14;78
06.09.2013 18:19;78
06.09.2013 18:24;78
06.09.2013 18:29;78
06.09.2013 18:34;78
06.09.2013 18:39;78
06.09.2013 18:44;78
06.09.2013 18:49;78
06.09.2013 18:54;78
06.09.2013 18:59;78
06.09.2013 19:03;78
06.09.2013 19:08;77
06.09.2013 19:13;77
06.09.2013 19:18;77
06.09.2013 19:23;77
06.09.2013 19:28;77
06.09.2013 19:33;77
06.09.2013 19:38;77
06.09.2013 19:43;77
06.09.2013 19:48;78
06.09.2013 19:53;78
06.09.2013 19:58;78
06.09.2013 20:03;78
06.09.2013 20:08;78
06.09.2013 20:13;78
06.09.2013 20:18;78
06.09.2013 20:23;78
06.09.2013 20:28;78
06.09.2013 20:33;78
06.09.2013 20:39;78
06.09.2013 20:44;78
06.09.2013 20:49;78
06.09.2013 20:54;78
06.09.2013 20:59;78
06.09.2013 21:04;78
06.09.2013 21:09;78
06.09.2013 21:14;78
06.09.2013 21:19;78
06.09.2013 21:24;78
06.09.2013 21:29;78
06.09.2013 21:34;80
06.09.2013 21:39;80
06.09.2013 21:44;80
06.09.2013 21:48;80
06.09.2013 21:53;80
06.09.2013 21:58;80
06.09.2013 22:04;80
06.09.2013 22:09;80
06.09.2013 22:14;80
06.09.2013 22:19;80
06.09.2013 22:24;80
06.09.2013 22:29;80
06.09.2013 22:34;80
06.09.2013 22:39;80
06.09.2013 22:44;80
06.09.2013 22:49;80
06.09.2013 22:53;80
06.09.2013 22:58;80
06.09.2013 23:03;80
06.09.2013 23:08;80
06.09.2013 23:14;80
06.09.2013 23:19;80
06.09.2013 23:24;80
06.09.2013 23:29;80
06.09.2013 23:34;80
06.09.2013 23:39;80
06.09.2013 23:43;79
06.09.2013 23:48;79
07.09.2013 10:32;79
07.09.2013 10:37;79
07.09.2013 10:42;79
07.09.2013 10:47;80
07.09.2013 10:52;79
07.09.2013 10:57;79
07.09.2013 11:02;79
07.09.2013 11:07;74
07.09.2013 11:12;76
07.09.2013 11:17;76
07.09.2013 11:22;76
07.09.2013 11:27;77
07.09.2013 11:32;75
07.09.2013 11:37;77
07.09.2013 11:42;75
07.09.2013 11:47;75
07.09.2013 11:52;75
07.09.2013 11:57;73
07.09.2013 12:02;76
07.09.2013 12:07;76
07.09.2013 12:12;77
07.09.2013 12:17;78
07.09.2013 12:22;78
07.09.2013 12:27;77
07.09.2013 12:32;77
07.09.2013 12:37;77
07.09.2013 12:42;77
07.09.2013 12:47;78
07.09.2013 12:52;80
07.09.2013 12:57;81
07.09.2013 13:02;82
07.09.2013 13:07;82
07.09.2013 13:12;82
07.09.2013 13:17;82
07.09.2013 13:22;82
07.09.2013 13:27;82
07.09.2013 13:32;82
07.09.2013 13:37;83
07.09.2013 13:42;83
07.09.2013 13:47;83
07.09.2013 13:52;83
07.09.2013 13:57;83
07.09.2013 14:02;85
07.09.2013 14:07;82
07.09.2013 14:12;82
07.09.2013 14:17;82
07.09.2013 14:22;82
07.09.2013 14:27;82
07.09.2013 14:32;82
07.09.2013 14:37;82
07.09.2013 14:42;82
07.09.2013 14:47;83
07.09.2013 14:52;83
07.09.2013 14:57;83
07.09.2013 15:02;83
07.09.2013 15:07;83
07.09.2013 15:12;83
07.09.2013 15:17;83
07.09.2013 15:22;84
07.09.2013 15:27;84
07.09.2013 15:32;86
07.09.2013 15:37;86
07.09.2013 15:42;86
07.09.2013 15:47;86
07.09.2013 15:52;86
07.09.2013 15:57;86
07.09.2013 16:02;86
07.09.2013 16:07;86
07.09.2013 16:12;85
07.09.2013 16:17;85
07.09.2013 16:22;84
07.09.2013 16:27;85
07.09.2013 16:32;85
07.09.2013 16:37;85
07.09.2013 16:42;85
07.09.2013 16:47;84
07.09.2013 16:52;86
07.09.2013 16:57;86
07.09.2013 17:02;86
07.09.2013 17:07;85
07.09.2013 17:12;85
07.09.2013 17:17;85
07.09.2013 17:22;85
07.09.2013 17:27;85
07.09.2013 17:32;85
07.09.2013 17:37;85
07.09.2013 17:42;85
07.09.2013 17:47;85
07.09.2013 17:52;85
07.09.2013 17:57;85
07.09.2013 18:02;86
07.09.2013 18:07;86
07.09.2013 18:12;86
07.09.2013 18:17;86
07.09.2013 18:22;86
07.09.2013 18:27;87
07.09.2013 18:32;87
07.09.2013 18:37;88
07.09.2013 18:42;87
07.09.2013 18:47;88
07.09.2013 18:52;88
07.09.2013 18:57;88
07.09.2013 19:02;88
07.09.2013 19:07;88
07.09.2013 19:12;88
07.09.2013 19:17;88
07.09.2013 19:22;88
07.09.2013 19:27;88
07.09.2013 19:32;88
07.09.2013 19:37;88
07.09.2013 19:42;88
07.09.2013 19:47;88
07.09.2013 19:52;88
07.09.2013 19:57;88
07.09.2013 20:02;88
07.09.2013 20:07;88
07.09.2013 20:12;88
07.09.2013 21:16;88
07.09.2013 21:21;88
07.09.2013 23:43;87
07.09.2013 23:48;87
07.09.2013 23:53;87
07.09.2013 23:58;87
08.09.2013 00:03;87
08.09.2013 00:08;87
08.09.2013 00:13;87
08.09.2013 00:18;87
08.09.2013 00:23;87
08.09.2013 00:28;87
08.09.2013 00:33;87
08.09.2013 08:57;87
08.09.2013 09:02;87
08.09.2013 09:07;87
08.09.2013 09:12;87
08.09.2013 09:17;87
08.09.2013 09:22;87
08.09.2013 13:27;87
08.09.2013 13:32;87
08.09.2013 13:37;87
08.09.2013 13:42;87
08.09.2013 13:47;87
08.09.2013 13:52;87
08.09.2013 13:57;87
08.09.2013 14:02;87
08.09.2013 14:07;87
08.09.2013 14:12;87
08.09.2013 14:17;87
08.09.2013 14:22;87
08.09.2013 14:27;87
08.09.2013 14:32;87
08.09.2013 14:37;87
08.09.2013 14:42;87
08.09.2013 14:47;87
08.09.2013 14:52;87
08.09.2013 14:57;87
08.09.2013 15:02;87
08.09.2013 15:07;87
08.09.2013 15:12;87
08.09.2013 15:17;87
08.09.2013 15:22;87
08.09.2013 15:27;87
08.09.2013 15:32;87
08.09.2013 15:37;87
08.09.2013 15:42;87
08.09.2013 15:47;87
08.09.2013 15:52;87
08.09.2013 15:57;87
08.09.2013 16:02;87
08.09.2013 16:07;87
08.09.2013 16:12;87
08.09.2013 16:17;87
08.09.2013 16:22;87
08.09.2013 16:27;87
08.09.2013 16:32;87
08.09.2013 16:37;87
08.09.2013 16:42;87
08.09.2013 16:47;87
08.09.2013 16:52;87
08.09.2013 16:57;87
08.09.2013 17:02;87
08.09.2013 17:07;87
08.09.2013 17:12;87
08.09.2013 17:17;87
08.09.2013 17:22;87
08.09.2013 17:27;87
08.09.2013 17:32;87
08.09.2013 17:37;87
08.09.2013 17:42;87
08.09.2013 17:47;87
08.09.2013 17:52;87
08.09.2013 17:57;87
08.09.2013 18:02;87
08.09.2013 18:07;87
08.09.2013 18:12;87
08.09.2013 18:17;87
08.09.2013 18:22;88
08.09.2013 18:27;87
08.09.2013 18:32;87
08.09.2013 18:37;87
08.09.2013 18:42;87
08.09.2013 18:47;87
08.09.2013 18:52;87
08.09.2013 18:57;87
08.09.2013 19:02;87
08.09.2013 19:07;87
08.09.2013 19:12;87
08.09.2013 19:17;87
08.09.2013 19:22;87
08.09.2013 19:27;87
08.09.2013 19:32;87
08.09.2013 19:37;87
08.09.2013 19:42;87
08.09.2013 19:47;87
08.09.2013 19:52;87
08.09.2013 19:57;87
08.09.2013 20:02;87
08.09.2013 20:07;87
08.09.2013 20:12;87
08.09.2013 20:17;87
08.09.2013 20:22;87
08.09.2013 20:27;87
08.09.2013 20:32;87
08.09.2013 20:37;87
08.09.2013 20:42;87
08.09.2013 20:47;87
08.09.2013 20:52;87
08.09.2013 20:57;87
08.09.2013 21:02;88
08.09.2013 21:07;88
08.09.2013 21:12;88
08.09.2013 21:17;88
08.09.2013 21:22;88
08.09.2013 21:27;88
08.09.2013 21:32;88
08.09.2013 21:37;88
08.09.2013 21:42;88
08.09.2013 21:47;88
08.09.2013 21:52;88
08.09.2013 21:57;88
08.09.2013 22:02;88
08.09.2013 22:07;88
08.09.2013 22:12;88
08.09.2013 22:17;88
08.09.2013 22:22;88
08.09.2013 22:27;88
08.09.2013 22:32;88
08.09.2013 22:37;88
08.09.2013 22:42;88
08.09.2013 22:47;88
08.09.2013 22:52;88
08.09.2013 22:57;88
08.09.2013 23:03;88
09.09.2013 07:32;88
09.09.2013 07:37;88
09.09.2013 07:42;88
09.09.2013 07:47;88
09.09.2013 07:52;88
09.09.2013 07:57;88
09.09.2013 08:02;88
09.09.2013 08:07;88
09.09.2013 08:12;87
09.09.2013 08:17;87
09.09.2013 12:31;87
09.09.2013 12:36;87
09.09.2013 12:56;87
09.09.2013 13:01;87
09.09.2013 13:06;87
09.09.2013 13:11;87
09.09.2013 13:41;87
09.09.2013 13:46;87
09.09.2013 13:51;87
09.09.2013 13:56;87
09.09.2013 14:28;87
09.09.2013 14:33;87
09.09.2013 14:38;87
09.09.2013 17:35;87
09.09.2013 17:40;87
09.09.2013 17:45;87
09.09.2013 17:50;87
09.09.2013 17:55;87
09.09.2013 18:00;87
09.09.2013 18:05;87
09.09.2013 18:10;87
09.09.2013 18:15;87
09.09.2013 18:20;87
09.09.2013 18:25;87
09.09.2013 18:30;87
09.09.2013 23:43;87
09.09.2013 23:48;87
09.09.2013 23:53;87
09.09.2013 23:58;88
10.09.2013 00:03;86
10.09.2013 00:08;86
10.09.2013 00:13;86
10.09.2013 01:47;86
10.09.2013 04:36;86
10.09.2013 05:32;86
10.09.2013 06:23;86
10.09.2013 07:28;86
10.09.2013 07:33;86
10.09.2013 07:38;86
10.09.2013 07:43;86
10.09.2013 09:01;86
10.09.2013 09:06;86
10.09.2013 09:13;3
10.09.2013 09:17;86
10.09.2013 09:22;85
10.09.2013 09:27;86
10.09.2013 09:32;86
10.09.2013 09:37;85
10.09.2013 09:42;85
10.09.2013 09:47;85
10.09.2013 09:52;85
10.09.2013 09:58;85
10.09.2013 10:03;85
10.09.2013 10:08;85
10.09.2013 10:13;85
10.09.2013 10:18;85
10.09.2013 10:23;85
10.09.2013 10:28;85
10.09.2013 10:33;86
10.09.2013 10:38;86
10.09.2013 11:08;86
10.09.2013 11:20;86
10.09.2013 11:25;86
10.09.2013 11:30;86
10.09.2013 11:35;86
10.09.2013 11:40;86
10.09.2013 11:45;86
10.09.2013 11:50;86
10.09.2013 11:55;86
10.09.2013 12:00;86
10.09.2013 12:05;85
10.09.2013 12:10;85
10.09.2013 12:15;85
10.09.2013 12:20;85
10.09.2013 12:25;85
10.09.2013 12:30;85
10.09.2013 12:35;86
10.09.2013 12:40;85
10.09.2013 12:45;85
10.09.2013 12:50;86
10.09.2013 12:55;87
10.09.2013 13:00;87
10.09.2013 13:59;87
10.09.2013 14:04;87
10.09.2013 14:09;87
10.09.2013 14:14;87
10.09.2013 14:19;87
10.09.2013 14:24;87
10.09.2013 14:29;87
10.09.2013 14:34;87
10.09.2013 14:39;87
10.09.2013 14:44;87
10.09.2013 14:49;87
10.09.2013 14:54;87
10.09.2013 14:59;87
10.09.2013 15:04;87
10.09.2013 15:09;87
10.09.2013 15:14;87
10.09.2013 15:19;87
10.09.2013 15:24;87
10.09.2013 15:29;87
10.09.2013 15:34;87
10.09.2013 15:39;86
10.09.2013 15:44;86
10.09.2013 15:49;86
10.09.2013 15:54;86
10.09.2013 15:59;86
10.09.2013 16:04;86
10.09.2013 16:12;87
10.09.2013 16:41;87
10.09.2013 16:46;86
10.09.2013 16:51;86
10.09.2013 16:56;86
10.09.2013 17:01;86
10.09.2013 17:06;86
10.09.2013 17:11;86
10.09.2013 17:16;86
10.09.2013 17:21;87
10.09.2013 17:26;87
10.09.2013 17:31;86
10.09.2013 17:36;86
10.09.2013 17:41;86
10.09.2013 17:46;86
10.09.2013 17:51;86
10.09.2013 17:56;86
10.09.2013 18:01;86
10.09.2013 18:06;86
10.09.2013 18:11;86
10.09.2013 22:14;86
10.09.2013 22:19;86
10.09.2013 22:24;86
10.09.2013 22:29;86
10.09.2013 22:34;86
10.09.2013 22:39;87
10.09.2013 22:44;87
10.09.2013 22:49;74
10.09.2013 22:54;85
10.09.2013 22:59;85
10.09.2013 23:04;85
10.09.2013 23:09;85
10.09.2013 23:14;86
10.09.2013 23:19;86
10.09.2013 23:24;85
10.09.2013 23:29;84
10.09.2013 23:34;83
10.09.2013 23:39;83
10.09.2013 23:44;83
10.09.2013 23:49;84
10.09.2013 23:54;85
11.09.2013 00:58;84
11.09.2013 01:03;84
11.09.2013 01:08;84
11.09.2013 01:13;84
11.09.2013 01:18;84
11.09.2013 01:23;84
11.09.2013 01:28;84
11.09.2013 01:33;84
11.09.2013 01:38;84
11.09.2013 01:43;84
11.09.2013 02:18;84
11.09.2013 03:38;84
11.09.2013 07:15;84
11.09.2013 09:09;84
11.09.2013 09:14;84
11.09.2013 09:19;84
11.09.2013 09:24;84
11.09.2013 09:29;84
11.09.2013 09:34;84
11.09.2013 09:39;84
11.09.2013 09:44;84
11.09.2013 09:49;84
11.09.2013 09:54;84
11.09.2013 09:59;84
11.09.2013 10:04;85
11.09.2013 10:09;85
11.09.2013 12:30;85
11.09.2013 12:45;84
11.09.2013 12:50;84
11.09.2013 12:55;84
11.09.2013 13:00;84
11.09.2013 13:05;84
11.09.2013 13:10;83
11.09.2013 13:15;84
11.09.2013 13:20;84
11.09.2013 13:25;84
11.09.2013 13:30;84
11.09.2013 13:35;84
11.09.2013 14:23;84
11.09.2013 14:28;84
11.09.2013 14:33;84
11.09.2013 14:38;85
11.09.2013 14:43;87
11.09.2013 15:12;86
11.09.2013 15:21;85
11.09.2013 15:26;84
11.09.2013 15:31;85
11.09.2013 15:36;85
11.09.2013 15:41;85
11.09.2013 15:46;86
11.09.2013 15:51;87
11.09.2013 15:56;85
11.09.2013 16:01;85
11.09.2013 16:06;85
11.09.2013 16:11;86
11.09.2013 16:16;84
11.09.2013 16:21;82
11.09.2013 16:26;79
11.09.2013 16:31;79
11.09.2013 16:58;79
11.09.2013 17:03;79
11.09.2013 17:08;79
11.09.2013 17:13;80
11.09.2013 17:18;79
11.09.2013 17:23;79
11.09.2013 17:28;79
11.09.2013 17:33;79
11.09.2013 17:38;79
11.09.2013 17:43;79
11.09.2013 17:48;79
11.09.2013 17:53;79
11.09.2013 17:58;80
11.09.2013 18:03;80
11.09.2013 18:08;80
11.09.2013 18:13;80
11.09.2013 18:18;80
11.09.2013 18:23;79
11.09.2013 18:28;79
11.09.2013 18:33;79
11.09.2013 18:38;79
11.09.2013 18:43;79
11.09.2013 18:48;79
12.09.2013 09:09;79
12.09.2013 09:24;80
12.09.2013 09:29;80
12.09.2013 09:34;80
12.09.2013 09:39;81
12.09.2013 09:44;82
12.09.2013 09:49;82
12.09.2013 09:54;80
12.09.2013 10:27;80
12.09.2013 10:32;80
12.09.2013 10:37;80
12.09.2013 10:42;80
12.09.2013 10:47;80
12.09.2013 10:52;80
12.09.2013 10:57;80
12.09.2013 11:02;79
12.09.2013 11:07;80
12.09.2013 11:12;79
12.09.2013 11:17;80
12.09.2013 11:22;80
12.09.2013 11:27;79
12.09.2013 11:32;79
12.09.2013 11:37;80
12.09.2013 11:42;80
12.09.2013 11:47;80
12.09.2013 11:52;80
12.09.2013 11:57;80
12.09.2013 12:02;80
12.09.2013 12:07;80
12.09.2013 12:12;80
12.09.2013 12:17;80
12.09.2013 12:22;80
12.09.2013 12:27;80
12.09.2013 12:32;80
12.09.2013 12:42;80
12.09.2013 13:20;80
12.09.2013 13:25;80
12.09.2013 14:30;81
12.09.2013 14:35;81
12.09.2013 14:40;81
12.09.2013 14:45;81
12.09.2013 14:50;81
12.09.2013 14:55;84
12.09.2013 15:00;81
12.09.2013 15:05;81
12.09.2013 15:10;81
12.09.2013 15:15;83
12.09.2013 15:20;82
12.09.2013 15:25;82
12.09.2013 15:30;83
12.09.2013 15:35;84
12.09.2013 15:40;83
12.09.2013 15:45;82
12.09.2013 16:30;81
12.09.2013 16:35;81
12.09.2013 16:40;81
12.09.2013 18:35;82
12.09.2013 18:40;82
12.09.2013 18:45;81
12.09.2013 18:50;80
12.09.2013 18:55;80
12.09.2013 19:00;82
12.09.2013 19:05;82
12.09.2013 21:09;82
12.09.2013 21:14;82
12.09.2013 21:19;84
12.09.2013 21:24;82
12.09.2013 21:29;83
12.09.2013 21:34;84
12.09.2013 21:39;84
12.09.2013 21:44;67
12.09.2013 21:49;64
12.09.2013 21:54;64
12.09.2013 21:59;64
12.09.2013 22:04;64
12.09.2013 22:09;64
12.09.2013 22:14;64
12.09.2013 22:19;64
12.09.2013 22:24;64
12.09.2013 22:29;64
12.09.2013 22:34;64
13.09.2013 07:36;64
13.09.2013 07:41;64
13.09.2013 07:46;64
13.09.2013 07:51;64
13.09.2013 07:56;64
13.09.2013 08:01;65
13.09.2013 08:06;65
13.09.2013 08:11;69
13.09.2013 08:16;70
13.09.2013 08:21;70
13.09.2013 08:26;70
13.09.2013 08:31;70
13.09.2013 08:36;70
13.09.2013 08:41;70
13.09.2013 08:46;70
13.09.2013 08:51;71
13.09.2013 08:56;71
13.09.2013 09:01;71
13.09.2013 09:06;71
13.09.2013 09:11;72
13.09.2013 09:16;73
13.09.2013 09:21;73
13.09.2013 09:26;73
13.09.2013 09:31;74
13.09.2013 09:36;75
13.09.2013 09:41;75
13.09.2013 09:46;75
14.09.2013 08:47;75
14.09.2013 08:52;62
14.09.2013 08:57;62
14.09.2013 10:12;62
14.09.2013 18:16;62
14.09.2013 18:21;62
14.09.2013 18:37;62
14.09.2013 20:03;62
15.09.2013 14:59;62
15.09.2013 15:04;65
15.09.2013 15:09;66
15.09.2013 15:14;67
15.09.2013 15:19;67
15.09.2013 15:24;67
15.09.2013 15:29;68
15.09.2013 15:34;67
15.09.2013 15:39;70
15.09.2013 15:44;66
15.09.2013 15:49;66
15.09.2013 15:54;67
15.09.2013 15:59;68
15.09.2013 16:04;68
15.09.2013 16:09;67
15.09.2013 16:14;68
15.09.2013 16:19;67
15.09.2013 16:24;67
15.09.2013 16:29;67
15.09.2013 16:34;69
15.09.2013 16:39;67
15.09.2013 16:44;68
15.09.2013 16:49;68
15.09.2013 16:54;68
15.09.2013 16:59;68
15.09.2013 17:04;68
15.09.2013 17:09;67
15.09.2013 17:14;67
15.09.2013 17:19;67
15.09.2013 17:24;68
15.09.2013 17:28;68
15.09.2013 17:33;68
15.09.2013 17:38;68
15.09.2013 17:43;69
15.09.2013 17:48;68
15.09.2013 17:53;67
15.09.2013 17:58;68
15.09.2013 18:03;67
15.09.2013 18:08;67
15.09.2013 18:13;67
15.09.2013 18:18;68
15.09.2013 18:23;68
15.09.2013 18:28;68
15.09.2013 18:33;68
15.09.2013 18:38;68
15.09.2013 18:43;68
15.09.2013 18:48;68
15.09.2013 18:53;68
15.09.2013 18:58;68
15.09.2013 19:03;68
15.09.2013 19:08;68
15.09.2013 19:13;67
15.09.2013 19:18;67
15.09.2013 19:23;68
15.09.2013 19:28;68
15.09.2013 19:33;68
15.09.2013 19:38;68
15.09.2013 19:43;68
15.09.2013 19:48;68
15.09.2013 19:53;68
15.09.2013 19:58;68
15.09.2013 20:03;68
15.09.2013 20:08;68
15.09.2013 20:13;68
15.09.2013 20:18;68
15.09.2013 20:23;68
15.09.2013 20:28;68
15.09.2013 20:33;68
15.09.2013 20:38;68
15.09.2013 20:43;68
15.09.2013 20:48;68
15.09.2013 20:53;68
15.09.2013 20:58;68
15.09.2013 21:03;68
15.09.2013 21:08;68
15.09.2013 21:13;68
15.09.2013 21:18;68
15.09.2013 21:23;68
15.09.2013 21:28;68
15.09.2013 21:33;68
15.09.2013 21:38;68
15.09.2013 21:43;68
15.09.2013 21:48;68
15.09.2013 21:53;68
15.09.2013 21:58;68
15.09.2013 22:03;68
15.09.2013 22:08;68
15.09.2013 22:13;68
15.09.2013 22:18;68
15.09.2013 22:23;68
16.09.2013 07:16;67
16.09.2013 07:21;69
16.09.2013 07:26;69
16.09.2013 07:31;69
16.09.2013 08:28;68
16.09.2013 08:33;67
16.09.2013 08:38;67
16.09.2013 08:43;69
16.09.2013 08:48;69
16.09.2013 08:53;69
16.09.2013 08:58;68
16.09.2013 09:03;69
16.09.2013 09:08;69
16.09.2013 09:13;69
16.09.2013 09:18;69
16.09.2013 09:23;70
16.09.2013 09:28;69
16.09.2013 09:33;69
16.09.2013 09:38;70
16.09.2013 09:43;69
16.09.2013 09:48;68
16.09.2013 09:53;66
16.09.2013 09:58;71
16.09.2013 10:03;75
16.09.2013 10:08;75
16.09.2013 10:13;75
16.09.2013 10:18;75
16.09.2013 10:23;76
16.09.2013 10:28;77
16.09.2013 10:33;75
16.09.2013 10:38;66
16.09.2013 10:43;68
16.09.2013 10:48;67
16.09.2013 10:53;66
16.09.2013 10:58;66
16.09.2013 11:03;67
16.09.2013 11:08;67
16.09.2013 11:13;68
16.09.2013 11:18;67
16.09.2013 11:23;67
16.09.2013 11:28;67
16.09.2013 11:33;0
16.09.2013 11:38;67
16.09.2013 11:43;65
16.09.2013 11:48;66
16.09.2013 11:53;66
16.09.2013 11:58;66
16.09.2013 12:03;66
16.09.2013 12:08;66
16.09.2013 12:13;66
16.09.2013 12:18;66
16.09.2013 12:23;66
16.09.2013 12:28;66
16.09.2013 12:33;66
16.09.2013 12:38;66
16.09.2013 12:43;66
16.09.2013 12:48;66
16.09.2013 12:53;66
16.09.2013 12:58;66
16.09.2013 13:03;66
16.09.2013 13:08;66
16.09.2013 13:13;67
16.09.2013 13:18;65
16.09.2013 13:23;65
16.09.2013 13:28;65
16.09.2013 13:33;65
16.09.2013 13:38;66
16.09.2013 13:43;66
16.09.2013 13:48;66
16.09.2013 13:53;67
16.09.2013 13:58;66
16.09.2013 14:03;66
16.09.2013 14:08;68
16.09.2013 14:13;66
16.09.2013 14:18;67
16.09.2013 14:23;67
16.09.2013 14:28;67
16.09.2013 14:33;4
16.09.2013 14:37;67
16.09.2013 14:42;67
16.09.2013 14:47;65
16.09.2013 14:52;68
16.09.2013 14:57;68
16.09.2013 15:02;67
16.09.2013 15:07;68
16.09.2013 15:12;69
16.09.2013 15:17;69
16.09.2013 15:22;70
16.09.2013 15:27;71
16.09.2013 15:32;73
16.09.2013 15:37;77
16.09.2013 15:42;68
16.09.2013 15:47;69
16.09.2013 15:52;68
16.09.2013 15:57;69
16.09.2013 16:02;72
16.09.2013 16:07;73
16.09.2013 16:12;71
16.09.2013 16:17;71
16.09.2013 16:22;71
16.09.2013 16:27;70
16.09.2013 16:32;70
16.09.2013 16:37;70
16.09.2013 16:42;70
16.09.2013 16:47;73
16.09.2013 16:52;73
16.09.2013 16:57;72
16.09.2013 17:02;73
16.09.2013 17:07;73
16.09.2013 17:12;76
16.09.2013 17:17;77
16.09.2013 17:22;79
16.09.2013 17:27;75
16.09.2013 18:13;67
16.09.2013 18:18;69
16.09.2013 18:23;66
16.09.2013 18:28;66
16.09.2013 21:12;65
16.09.2013 21:17;66
16.09.2013 21:22;67
16.09.2013 21:27;67
16.09.2013 21:32;67
16.09.2013 21:37;67
16.09.2013 21:42;67
16.09.2013 21:47;67
16.09.2013 21:52;67
16.09.2013 21:57;67
16.09.2013 22:02;67
16.09.2013 22:07;67
16.09.2013 22:12;67
16.09.2013 22:17;67
16.09.2013 22:22;67
16.09.2013 22:27;67
16.09.2013 22:32;67
16.09.2013 22:37;67
16.09.2013 22:42;68
17.09.2013 07:27;70
17.09.2013 07:32;68
17.09.2013 07:37;70
17.09.2013 08:38;70
17.09.2013 08:43;71
17.09.2013 08:48;69
17.09.2013 08:53;66
17.09.2013 08:58;65
17.09.2013 09:03;65
17.09.2013 09:08;65
17.09.2013 09:13;65
17.09.2013 09:18;67
17.09.2013 09:23;67
17.09.2013 09:28;67
17.09.2013 09:33;68
17.09.2013 09:38;67
17.09.2013 09:43;69
17.09.2013 09:48;68
17.09.2013 09:53;68
17.09.2013 09:58;68
17.09.2013 10:03;68
17.09.2013 10:08;68
17.09.2013 10:13;68
17.09.2013 10:18;68
17.09.2013 10:23;68
17.09.2013 10:28;68
17.09.2013 10:33;68
17.09.2013 10:38;68
17.09.2013 10:43;68
17.09.2013 10:48;68
17.09.2013 10:53;68
17.09.2013 10:58;68
17.09.2013 11:03;68
17.09.2013 11:08;68
17.09.2013 11:13;68
17.09.2013 11:18;68
17.09.2013 11:23;67
17.09.2013 11:28;67
17.09.2013 11:33;68
17.09.2013 11:38;68
17.09.2013 11:43;66
17.09.2013 11:48;67
17.09.2013 11:53;67
17.09.2013 11:58;67
17.09.2013 12:03;67
17.09.2013 12:08;67
17.09.2013 12:13;67
17.09.2013 12:18;67
17.09.2013 12:23;67
17.09.2013 12:28;67
17.09.2013 12:33;67
17.09.2013 12:38;67
17.09.2013 12:43;67
17.09.2013 12:48;68
17.09.2013 12:53;69
17.09.2013 12:58;69
17.09.2013 13:03;69
17.09.2013 13:08;71
17.09.2013 13:13;68
17.09.2013 13:18;68
17.09.2013 13:23;67
17.09.2013 13:28;66
17.09.2013 13:33;66
17.09.2013 13:38;66
17.09.2013 13:43;66
17.09.2013 13:48;66
17.09.2013 13:53;66
17.09.2013 13:58;66
17.09.2013 14:03;67
17.09.2013 14:08;67
17.09.2013 14:13;65
17.09.2013 14:18;65
17.09.2013 14:23;66
17.09.2013 14:28;64
17.09.2013 14:33;65
17.09.2013 14:38;68
17.09.2013 14:43;66
17.09.2013 14:48;66
17.09.2013 14:53;65
17.09.2013 14:58;66
17.09.2013 15:03;68
17.09.2013 15:08;66
17.09.2013 15:13;65
17.09.2013 15:18;65
17.09.2013 15:23;66
17.09.2013 15:28;67
17.09.2013 15:33;69
17.09.2013 15:38;69
17.09.2013 15:43;70
17.09.2013 15:48;70
17.09.2013 15:53;70
17.09.2013 15:58;71
17.09.2013 16:03;73
17.09.2013 16:08;77
17.09.2013 16:13;77
17.09.2013 16:18;65
17.09.2013 16:23;65
17.09.2013 16:28;65
17.09.2013 16:33;65
17.09.2013 16:38;66
17.09.2013 16:43;66
17.09.2013 16:48;66
17.09.2013 17:56;66
17.09.2013 18:01;67
17.09.2013 18:06;68
17.09.2013 18:11;67
17.09.2013 18:16;67
17.09.2013 18:21;67
17.09.2013 18:26;67
17.09.2013 18:31;67
17.09.2013 18:36;67
17.09.2013 18:41;67
17.09.2013 18:46;67
17.09.2013 18:51;67
17.09.2013 18:56;67
17.09.2013 19:01;67
17.09.2013 19:06;67
17.09.2013 19:11;67
17.09.2013 19:16;67
17.09.2013 19:21;66
17.09.2013 19:26;66
17.09.2013 19:31;66
17.09.2013 19:36;66
17.09.2013 19:41;66
17.09.2013 19:46;67
17.09.2013 19:51;67
17.09.2013 19:56;68
17.09.2013 20:01;68
17.09.2013 20:06;68
17.09.2013 20:11;68
17.09.2013 20:16;68
17.09.2013 20:21;68
17.09.2013 20:26;68
17.09.2013 20:31;68
17.09.2013 20:36;68
17.09.2013 20:41;68
17.09.2013 20:46;68
17.09.2013 20:51;68
17.09.2013 20:56;68
17.09.2013 21:01;68
17.09.2013 21:06;68
17.09.2013 21:11;68
17.09.2013 21:16;68
17.09.2013 21:21;68
17.09.2013 21:26;68
17.09.2013 21:31;68
17.09.2013 21:36;68
17.09.2013 21:41;68
17.09.2013 21:46;68
17.09.2013 21:51;68
17.09.2013 21:56;68
17.09.2013 22:01;68
17.09.2013 22:06;68
17.09.2013 22:11;68
17.09.2013 22:16;68
17.09.2013 22:21;68
17.09.2013 22:26;68
17.09.2013 22:31;68
17.09.2013 22:36;68
17.09.2013 22:41;68
18.09.2013 07:13;73
18.09.2013 07:18;67
18.09.2013 07:23;67
18.09.2013 08:20;67
18.09.2013 08:25;67
18.09.2013 08:30;67
18.09.2013 08:35;68
18.09.2013 08:40;67
18.09.2013 08:45;70
18.09.2013 08:50;69
18.09.2013 08:55;68
18.09.2013 09:00;71
18.09.2013 09:05;69
18.09.2013 09:10;69
18.09.2013 09:15;67
18.09.2013 09:20;65
18.09.2013 09:25;65
18.09.2013 09:30;65
18.09.2013 09:35;64
18.09.2013 09:40;64
18.09.2013 09:45;64
18.09.2013 09:50;65
18.09.2013 09:55;65
18.09.2013 10:00;66
18.09.2013 10:05;68
18.09.2013 10:10;67
18.09.2013 10:15;67
18.09.2013 10:20;67
18.09.2013 10:25;69
18.09.2013 10:30;67
18.09.2013 10:35;67
18.09.2013 10:40;66
18.09.2013 10:45;66
18.09.2013 10:50;67
18.09.2013 10:55;65
18.09.2013 11:00;65
18.09.2013 11:05;65
18.09.2013 11:10;65
18.09.2013 11:15;65
18.09.2013 11:20;65
18.09.2013 11:25;67
18.09.2013 11:30;70
18.09.2013 11:35;66
18.09.2013 11:40;67
18.09.2013 11:45;67
18.09.2013 11:50;68
18.09.2013 11:55;67
18.09.2013 12:00;67
18.09.2013 12:05;67
18.09.2013 12:10;67
18.09.2013 12:15;67
18.09.2013 12:20;67
18.09.2013 12:25;67
18.09.2013 12:30;67
18.09.2013 12:35;67
18.09.2013 12:40;67
18.09.2013 12:45;67
18.09.2013 12:50;67
18.09.2013 12:55;67
18.09.2013 13:00;67
18.09.2013 13:05;67
18.09.2013 13:10;66
18.09.2013 13:15;66
18.09.2013 13:20;66
18.09.2013 13:25;68
18.09.2013 13:30;69
18.09.2013 13:35;70
18.09.2013 13:40;71
18.09.2013 13:45;74
18.09.2013 13:50;75
18.09.2013 13:55;77
18.09.2013 14:00;78
18.09.2013 14:05;78
18.09.2013 14:10;79
18.09.2013 14:15;78
18.09.2013 14:20;78
18.09.2013 14:25;78
18.09.2013 14:30;67
18.09.2013 14:35;68
18.09.2013 14:40;67
18.09.2013 14:45;66
18.09.2013 14:50;66
18.09.2013 14:55;68
18.09.2013 15:00;68
18.09.2013 15:05;69
18.09.2013 15:10;69
18.09.2013 15:15;66
18.09.2013 15:20;66
18.09.2013 15:25;67
18.09.2013 15:30;67
18.09.2013 15:35;68
18.09.2013 15:40;66
18.09.2013 15:45;67
18.09.2013 15:50;70
18.09.2013 15:55;68
18.09.2013 16:00;67
18.09.2013 16:05;67
18.09.2013 16:10;69
18.09.2013 16:15;70
18.09.2013 16:20;71
18.09.2013 16:25;71
18.09.2013 16:30;72
18.09.2013 16:35;72
18.09.2013 16:40;72
18.09.2013 16:45;68
18.09.2013 16:50;68
18.09.2013 16:55;69
18.09.2013 17:00;69
18.09.2013 17:05;68
18.09.2013 17:10;69
18.09.2013 19:54;68
18.09.2013 19:59;69
18.09.2013 20:04;69
18.09.2013 20:09;68
18.09.2013 20:14;69
18.09.2013 20:19;69
18.09.2013 20:24;69
18.09.2013 20:29;69
18.09.2013 20:34;69
18.09.2013 20:39;69
18.09.2013 20:44;69
18.09.2013 20:49;70
18.09.2013 20:54;72
18.09.2013 20:59;72
18.09.2013 21:04;71
18.09.2013 21:09;71
18.09.2013 21:14;71
18.09.2013 21:19;71
18.09.2013 21:24;71
18.09.2013 21:29;71
18.09.2013 21:34;71
18.09.2013 21:39;71
18.09.2013 21:44;71
18.09.2013 21:49;71
18.09.2013 21:54;71
18.09.2013 21:59;71
18.09.2013 22:04;71
18.09.2013 22:09;71
18.09.2013 22:14;71
18.09.2013 22:19;71
18.09.2013 22:24;71
18.09.2013 22:29;71
18.09.2013 22:34;71
18.09.2013 22:39;71
18.09.2013 22:44;71
18.09.2013 22:49;71
18.09.2013 22:54;71
19.09.2013 07:14;71
19.09.2013 07:19;72
19.09.2013 07:24;72
19.09.2013 08:16;72
19.09.2013 08:21;72
19.09.2013 08:26;71
19.09.2013 08:31;70
19.09.2013 08:36;70
19.09.2013 08:41;70
19.09.2013 08:46;72
19.09.2013 08:51;70
19.09.2013 08:56;73
19.09.2013 09:01;71
19.09.2013 09:06;74
19.09.2013 09:11;73
19.09.2013 09:16;71
19.09.2013 09:21;71
19.09.2013 09:26;71
19.09.2013 09:31;70
19.09.2013 09:36;76
19.09.2013 09:41;77
19.09.2013 09:46;78
19.09.2013 09:51;78
19.09.2013 09:56;80
19.09.2013 10:01;72
19.09.2013 10:06;72
19.09.2013 10:11;73
19.09.2013 10:16;74
19.09.2013 10:21;74
19.09.2013 10:26;74
19.09.2013 10:31;75
19.09.2013 10:36;75
19.09.2013 10:41;75
19.09.2013 10:46;75
19.09.2013 10:51;75
19.09.2013 10:56;75
19.09.2013 11:01;75
19.09.2013 11:06;76
19.09.2013 11:11;78
19.09.2013 11:16;78
19.09.2013 11:21;74
19.09.2013 11:26;75
19.09.2013 11:31;77
19.09.2013 11:36;77
19.09.2013 11:41;77
19.09.2013 11:46;77
19.09.2013 11:51;77
19.09.2013 11:56;77
19.09.2013 12:01;77
19.09.2013 12:06;77
19.09.2013 12:11;77
19.09.2013 12:16;77
19.09.2013 12:21;77
19.09.2013 12:26;77
19.09.2013 12:31;77
19.09.2013 12:36;77
19.09.2013 12:41;77
19.09.2013 12:46;79
19.09.2013 12:51;79
19.09.2013 12:56;80
19.09.2013 13:01;77
19.09.2013 13:06;77
19.09.2013 13:25;78
19.09.2013 13:30;78
19.09.2013 13:35;78
19.09.2013 13:40;78
19.09.2013 13:45;78
19.09.2013 13:50;78
19.09.2013 13:55;78
19.09.2013 14:00;78
19.09.2013 14:05;78
19.09.2013 14:10;78
19.09.2013 14:15;78
19.09.2013 14:20;78
19.09.2013 14:25;78
19.09.2013 14:30;78
19.09.2013 14:35;78
19.09.2013 14:40;78
19.09.2013 14:45;78
19.09.2013 14:50;78
19.09.2013 15:00;78
19.09.2013 15:05;78
19.09.2013 15:10;78
19.09.2013 15:15;78
19.09.2013 15:20;78
19.09.2013 15:25;78
19.09.2013 15:30;78
19.09.2013 15:35;79
19.09.2013 15:40;79
19.09.2013 15:45;78
19.09.2013 15:50;80
19.09.2013 15:55;81
19.09.2013 16:00;82
19.09.2013 16:05;79
19.09.2013 16:10;80
19.09.2013 16:15;84
19.09.2013 16:20;83
19.09.2013 16:25;79
19.09.2013 16:30;78
19.09.2013 16:35;79
19.09.2013 16:40;78
19.09.2013 16:45;75
19.09.2013 16:50;70
19.09.2013 16:55;71
19.09.2013 17:00;71
19.09.2013 17:52;71
19.09.2013 17:57;71
19.09.2013 18:02;71
19.09.2013 18:07;71
19.09.2013 18:12;71
19.09.2013 18:17;72
19.09.2013 18:22;73
19.09.2013 18:27;77
19.09.2013 18:32;77
19.09.2013 18:37;77
19.09.2013 18:42;77
19.09.2013 18:47;77
19.09.2013 18:52;79
19.09.2013 18:57;78
19.09.2013 19:02;75
19.09.2013 19:07;68
19.09.2013 19:12;68
19.09.2013 19:17;68
19.09.2013 19:22;68
19.09.2013 19:27;68
19.09.2013 19:32;68
19.09.2013 19:37;68
19.09.2013 19:42;68
19.09.2013 19:47;68
19.09.2013 19:52;69
19.09.2013 19:57;69
19.09.2013 20:02;69
19.09.2013 20:07;69
19.09.2013 20:12;69
19.09.2013 20:17;69
19.09.2013 20:22;69
19.09.2013 20:27;69
19.09.2013 20:32;69
19.09.2013 20:37;69
19.09.2013 20:42;69
19.09.2013 20:47;69
19.09.2013 20:52;69
19.09.2013 20:57;69
19.09.2013 21:02;69
19.09.2013 21:07;69
19.09.2013 21:12;69
19.09.2013 21:17;69
19.09.2013 21:22;69
19.09.2013 21:27;69
19.09.2013 21:32;69
19.09.2013 21:37;69
19.09.2013 21:42;69
19.09.2013 21:47;69
19.09.2013 21:52;69
19.09.2013 21:57;69
19.09.2013 22:02;69
19.09.2013 22:07;69
19.09.2013 22:12;69
19.09.2013 22:17;69
19.09.2013 22:22;69
19.09.2013 22:27;69
19.09.2013 22:32;69
19.09.2013 22:37;69
19.09.2013 22:42;71
20.09.2013 07:14;73
20.09.2013 07:19;73
20.09.2013 07:24;77
20.09.2013 08:10;79
20.09.2013 08:15;73
20.09.2013 08:20;71
20.09.2013 08:25;73
20.09.2013 08:30;72
20.09.2013 08:35;72
20.09.2013 08:40;72
20.09.2013 08:45;71
20.09.2013 08:50;71
20.09.2013 08:55;70
20.09.2013 09:00;70
20.09.2013 09:05;70
20.09.2013 09:10;70
20.09.2013 09:15;70
20.09.2013 09:20;72
20.09.2013 09:25;71
20.09.2013 09:30;71
20.09.2013 09:35;70
20.09.2013 09:40;70
20.09.2013 09:45;70
20.09.2013 09:50;70
20.09.2013 09:55;69
20.09.2013 10:00;70
20.09.2013 10:05;70
20.09.2013 10:10;70
20.09.2013 10:15;70
20.09.2013 10:20;70
20.09.2013 10:25;70
20.09.2013 10:30;70
20.09.2013 10:35;70
20.09.2013 10:40;70
20.09.2013 10:45;70
20.09.2013 10:50;70
20.09.2013 10:55;70
20.09.2013 11:00;70
20.09.2013 11:05;70
20.09.2013 11:10;70
20.09.2013 11:15;71
20.09.2013 11:20;69
20.09.2013 11:25;70
20.09.2013 11:30;71
20.09.2013 11:35;73
20.09.2013 11:40;73
20.09.2013 11:45;75
20.09.2013 11:50;75
20.09.2013 11:55;75
20.09.2013 12:00;75
20.09.2013 12:05;75
20.09.2013 12:10;75
20.09.2013 12:15;75
20.09.2013 12:20;75
20.09.2013 12:25;75
20.09.2013 12:30;75
20.09.2013 12:35;75
20.09.2013 12:40;75
20.09.2013 12:45;75
20.09.2013 12:50;73
20.09.2013 12:55;73
20.09.2013 13:00;70
20.09.2013 13:05;71
20.09.2013 13:10;70
20.09.2013 13:15;72
20.09.2013 13:20;70
20.09.2013 13:25;70
20.09.2013 13:30;70
20.09.2013 13:35;70
20.09.2013 13:40;70
20.09.2013 13:45;70
20.09.2013 13:50;74
20.09.2013 13:55;73
20.09.2013 14:00;73
20.09.2013 14:05;73
20.09.2013 14:10;70
20.09.2013 14:15;73
20.09.2013 14:20;70
20.09.2013 14:25;70
20.09.2013 14:30;70
20.09.2013 14:35;71
20.09.2013 14:40;73
20.09.2013 14:45;74
20.09.2013 14:50;71
20.09.2013 14:55;71
20.09.2013 15:00;71
20.09.2013 15:05;71
20.09.2013 15:10;71
20.09.2013 15:15;71
20.09.2013 15:20;75
20.09.2013 15:25;76
20.09.2013 15:30;75
20.09.2013 15:35;74
20.09.2013 15:40;76
20.09.2013 15:45;76
20.09.2013 15:50;76
20.09.2013 15:55;77
20.09.2013 17:02;78
20.09.2013 17:07;78
20.09.2013 17:12;78
20.09.2013 17:17;78
20.09.2013 17:22;75
20.09.2013 17:27;77
20.09.2013 17:32;77
20.09.2013 17:37;77
20.09.2013 17:42;77
20.09.2013 17:47;77
20.09.2013 17:52;77
20.09.2013 17:57;77
20.09.2013 18:02;77
20.09.2013 18:07;77
20.09.2013 18:12;77
20.09.2013 18:17;77
20.09.2013 18:22;77
20.09.2013 18:27;77
20.09.2013 18:32;77
20.09.2013 18:37;80
20.09.2013 19:12;78
20.09.2013 20:17;78
21.09.2013 11:08;78
21.09.2013 11:13;78
21.09.2013 11:18;76
21.09.2013 11:23;76
21.09.2013 11:28;76
21.09.2013 11:33;76
21.09.2013 11:38;76
21.09.2013 11:43;76
21.09.2013 11:48;78
21.09.2013 11:53;78
21.09.2013 11:58;79
21.09.2013 12:03;81
21.09.2013 12:08;80
21.09.2013 12:13;80
21.09.2013 12:18;80
21.09.2013 12:23;80
21.09.2013 12:28;80
21.09.2013 12:33;80
21.09.2013 12:38;80
21.09.2013 12:43;80
21.09.2013 12:48;80
21.09.2013 12:53;80
21.09.2013 12:58;80
21.09.2013 13:03;80
21.09.2013 13:08;80
21.09.2013 13:13;80
21.09.2013 13:18;80
21.09.2013 13:23;80
21.09.2013 13:28;80
21.09.2013 13:33;80
21.09.2013 13:38;80
21.09.2013 13:43;79
21.09.2013 13:48;74
21.09.2013 13:53;75
21.09.2013 13:58;75
21.09.2013 14:03;76
21.09.2013 14:08;75
21.09.2013 14:13;75
21.09.2013 14:18;75
21.09.2013 14:23;75
21.09.2013 14:28;75
21.09.2013 14:33;75
21.09.2013 14:38;75
21.09.2013 14:43;75
21.09.2013 14:48;75
21.09.2013 14:53;74
21.09.2013 14:58;75
21.09.2013 15:03;75
21.09.2013 15:08;75
21.09.2013 15:13;75
21.09.2013 15:18;75
21.09.2013 15:23;75
21.09.2013 15:28;75
21.09.2013 15:33;77
21.09.2013 15:38;75
21.09.2013 15:43;75
21.09.2013 15:48;75
21.09.2013 15:53;77
21.09.2013 15:58;77
21.09.2013 16:03;76
21.09.2013 16:08;76
21.09.2013 16:13;75
21.09.2013 16:18;75
21.09.2013 16:23;75
21.09.2013 16:28;75
21.09.2013 16:33;75
21.09.2013 16:38;75
21.09.2013 16:43;75
21.09.2013 16:48;75
21.09.2013 16:53;75
21.09.2013 16:58;74
21.09.2013 17:03;74
21.09.2013 17:08;74
21.09.2013 17:13;77
21.09.2013 17:18;74
21.09.2013 17:23;74
21.09.2013 17:28;74
21.09.2013 17:33;74
21.09.2013 17:38;74
21.09.2013 17:43;74
21.09.2013 17:48;74
21.09.2013 17:53;74
21.09.2013 17:58;74
21.09.2013 18:03;74
21.09.2013 18:08;74
21.09.2013 18:13;74
21.09.2013 18:18;74
21.09.2013 18:23;74
21.09.2013 18:28;74
21.09.2013 18:33;74
21.09.2013 18:38;74
21.09.2013 18:43;74
21.09.2013 18:48;74
21.09.2013 18:53;75
21.09.2013 18:58;73
21.09.2013 19:03;73
21.09.2013 19:08;73
21.09.2013 19:13;73
21.09.2013 19:18;73
21.09.2013 19:23;73
21.09.2013 19:28;73
21.09.2013 19:33;73
21.09.2013 19:38;73
21.09.2013 19:43;73
21.09.2013 19:48;73
21.09.2013 19:53;73
21.09.2013 19:58;73
21.09.2013 20:03;73
21.09.2013 20:08;73
21.09.2013 20:13;73
21.09.2013 20:18;73
21.09.2013 20:23;73
21.09.2013 20:28;73
21.09.2013 20:33;74
21.09.2013 20:38;75
21.09.2013 20:43;74
21.09.2013 20:48;73
21.09.2013 20:53;73
21.09.2013 20:58;73
21.09.2013 21:03;73
21.09.2013 21:08;73
21.09.2013 21:13;73
21.09.2013 21:18;73
21.09.2013 21:23;73
21.09.2013 21:28;73
21.09.2013 21:33;73
21.09.2013 21:38;73
21.09.2013 21:43;73
21.09.2013 21:48;73
21.09.2013 21:53;73
21.09.2013 21:58;73
21.09.2013 22:03;73
21.09.2013 22:08;73
21.09.2013 22:13;73
21.09.2013 22:18;73
21.09.2013 22:23;73
21.09.2013 22:28;73
21.09.2013 22:33;73
21.09.2013 22:38;73
21.09.2013 22:43;73
21.09.2013 22:48;73
21.09.2013 22:53;73
21.09.2013 22:58;73
21.09.2013 23:03;73
21.09.2013 23:08;73
21.09.2013 23:13;73
21.09.2013 23:18;73
21.09.2013 23:23;73
21.09.2013 23:28;73
21.09.2013 23:33;73
21.09.2013 23:38;73
21.09.2013 23:43;73
21.09.2013 23:48;73
21.09.2013 23:53;73
21.09.2013 23:58;73
22.09.2013 00:03;73
22.09.2013 00:08;73
22.09.2013 00:13;73
22.09.2013 00:18;73
22.09.2013 00:23;73
22.09.2013 00:28;73
22.09.2013 00:33;73
22.09.2013 00:38;73
22.09.2013 00:43;73
22.09.2013 00:48;73
22.09.2013 00:53;73
22.09.2013 00:58;73
22.09.2013 01:03;73
22.09.2013 01:08;73
22.09.2013 01:13;73
22.09.2013 01:18;73
22.09.2013 01:23;73
22.09.2013 01:28;73
22.09.2013 01:33;73
22.09.2013 01:38;73
22.09.2013 01:43;73
22.09.2013 10:11;73
22.09.2013 10:16;74
22.09.2013 10:21;75
22.09.2013 10:26;75
22.09.2013 11:30;75
22.09.2013 12:06;75
22.09.2013 12:11;74
22.09.2013 12:16;74
22.09.2013 12:21;74
22.09.2013 12:26;74
22.09.2013 12:31;74
22.09.2013 12:36;74
22.09.2013 12:41;75
22.09.2013 12:46;75
22.09.2013 12:51;75
22.09.2013 12:56;74
22.09.2013 13:01;74
22.09.2013 13:06;75
22.09.2013 13:11;74
22.09.2013 13:16;74
22.09.2013 13:21;74
22.09.2013 13:26;74
22.09.2013 13:31;74
22.09.2013 13:36;74
22.09.2013 13:41;74
22.09.2013 13:46;74
22.09.2013 13:51;74
22.09.2013 13:56;74
22.09.2013 14:01;74
22.09.2013 14:06;74
22.09.2013 14:11;74
22.09.2013 14:16;74
22.09.2013 14:21;74
22.09.2013 14:26;74
22.09.2013 14:31;73
22.09.2013 14:36;74
22.09.2013 14:41;74
22.09.2013 14:46;74
22.09.2013 14:51;77
22.09.2013 14:56;83
22.09.2013 15:01;82
22.09.2013 15:06;84
22.09.2013 15:11;83
22.09.2013 15:16;84
22.09.2013 15:21;84
22.09.2013 15:26;85
22.09.2013 15:31;83
22.09.2013 15:36;89
22.09.2013 15:41;90
22.09.2013 15:46;90
22.09.2013 15:51;89
22.09.2013 15:56;89
22.09.2013 16:01;90
22.09.2013 16:06;89
22.09.2013 16:11;87
22.09.2013 16:16;87
22.09.2013 16:21;86
22.09.2013 16:26;85
22.09.2013 16:31;86
22.09.2013 16:36;89
22.09.2013 16:41;90
22.09.2013 16:46;90
22.09.2013 16:51;84
22.09.2013 16:56;84
22.09.2013 17:01;84
22.09.2013 17:06;84
22.09.2013 17:11;84
22.09.2013 17:16;84
22.09.2013 17:21;83
22.09.2013 17:26;83
22.09.2013 17:31;83
22.09.2013 17:36;83
22.09.2013 17:41;83
22.09.2013 17:46;83
22.09.2013 17:51;83
22.09.2013 17:56;83
22.09.2013 18:01;83
22.09.2013 18:06;83
22.09.2013 18:11;83
22.09.2013 18:16;83
22.09.2013 18:21;84
22.09.2013 18:26;83
22.09.2013 18:31;83
22.09.2013 18:36;83
22.09.2013 18:41;83
22.09.2013 18:46;83
22.09.2013 18:51;84
22.09.2013 18:56;86
22.09.2013 19:01;84
22.09.2013 19:06;84
22.09.2013 19:11;84
22.09.2013 19:16;85
22.09.2013 19:21;84
22.09.2013 19:26;84
22.09.2013 19:31;83
22.09.2013 19:36;84
22.09.2013 19:41;82
22.09.2013 19:46;82
22.09.2013 19:51;82
22.09.2013 19:56;82
22.09.2013 20:01;82
22.09.2013 20:06;82
22.09.2013 20:11;82
22.09.2013 20:16;82
22.09.2013 20:21;82
22.09.2013 20:26;82
22.09.2013 20:31;82
22.09.2013 20:36;82
22.09.2013 20:41;82
22.09.2013 20:46;82
22.09.2013 20:51;83
22.09.2013 20:56;83
22.09.2013 21:01;83
22.09.2013 21:06;83
22.09.2013 21:11;83
22.09.2013 21:16;83
22.09.2013 21:21;83
22.09.2013 21:26;83
22.09.2013 21:31;83
22.09.2013 21:36;83
22.09.2013 21:41;83
22.09.2013 21:46;83
22.09.2013 21:51;83
22.09.2013 21:56;83
22.09.2013 22:01;83
22.09.2013 22:06;83
22.09.2013 22:11;83
22.09.2013 22:16;83
22.09.2013 22:21;83
22.09.2013 22:26;83
22.09.2013 22:31;83
22.09.2013 22:36;83
22.09.2013 22:41;83
22.09.2013 22:46;83
22.09.2013 22:51;83
22.09.2013 22:56;83
22.09.2013 23:01;83
22.09.2013 23:06;83
22.09.2013 23:11;83
22.09.2013 23:16;84
23.09.2013 07:15;84
23.09.2013 07:20;84
23.09.2013 07:25;89
23.09.2013 07:30;84
23.09.2013 07:35;84
23.09.2013 08:35;85
23.09.2013 08:40;82
23.09.2013 08:45;83
23.09.2013 08:50;82
23.09.2013 08:55;81
23.09.2013 09:00;83
23.09.2013 09:05;83
23.09.2013 09:10;84
23.09.2013 09:15;82
23.09.2013 09:20;82
23.09.2013 09:25;83
23.09.2013 09:30;82
23.09.2013 09:35;82
23.09.2013 09:40;83
23.09.2013 09:45;82
23.09.2013 09:50;82
23.09.2013 09:55;74
23.09.2013 10:00;75
23.09.2013 10:05;75
23.09.2013 10:10;76
23.09.2013 10:15;75
23.09.2013 10:20;75
23.09.2013 10:25;74
23.09.2013 10:30;73
23.09.2013 10:35;74
23.09.2013 10:40;74
23.09.2013 10:45;73
23.09.2013 10:50;77
23.09.2013 10:55;76
23.09.2013 11:00;76
23.09.2013 11:05;76
23.09.2013 11:10;76
23.09.2013 11:15;76
23.09.2013 11:20;76
23.09.2013 11:25;76
23.09.2013 11:30;76
23.09.2013 11:35;76
23.09.2013 11:40;79
23.09.2013 11:45;79
23.09.2013 11:50;79
23.09.2013 11:55;79
23.09.2013 12:00;79
23.09.2013 12:05;79
23.09.2013 12:10;79
23.09.2013 12:15;79
23.09.2013 12:20;79
23.09.2013 12:25;79
23.09.2013 12:30;79
23.09.2013 12:35;79
23.09.2013 12:40;80
23.09.2013 12:45;79
23.09.2013 12:50;79
23.09.2013 12:55;80
23.09.2013 13:00;78
23.09.2013 13:05;78
23.09.2013 13:10;78
23.09.2013 13:15;78
23.09.2013 13:20;80
23.09.2013 13:25;78
23.09.2013 13:30;77
23.09.2013 13:35;76
23.09.2013 13:40;76
23.09.2013 13:45;78
23.09.2013 13:50;80
23.09.2013 13:55;80
23.09.2013 14:00;79
23.09.2013 14:05;79
23.09.2013 14:10;79
23.09.2013 14:15;79
23.09.2013 14:20;79
23.09.2013 14:25;79
23.09.2013 14:30;79
23.09.2013 14:35;79
23.09.2013 14:40;79
23.09.2013 14:45;80
23.09.2013 14:50;80
23.09.2013 14:55;79
23.09.2013 15:00;79
23.09.2013 15:05;79
23.09.2013 15:10;79
23.09.2013 15:15;79
23.09.2013 15:20;79
23.09.2013 15:25;79
23.09.2013 15:30;79
23.09.2013 15:35;80
23.09.2013 15:40;80
23.09.2013 15:45;80
23.09.2013 15:50;80
23.09.2013 15:55;79
23.09.2013 16:00;79
23.09.2013 16:05;79
23.09.2013 16:10;79
23.09.2013 16:15;79
23.09.2013 16:20;79
23.09.2013 16:25;80
23.09.2013 16:30;80
23.09.2013 16:35;80
23.09.2013 16:40;80
23.09.2013 16:45;79
23.09.2013 16:50;79
23.09.2013 16:55;79
23.09.2013 17:00;79
23.09.2013 17:05;79
23.09.2013 17:10;79
23.09.2013 21:56;79
23.09.2013 22:01;79
23.09.2013 22:06;79
23.09.2013 22:11;79
23.09.2013 22:16;79
23.09.2013 22:21;79
23.09.2013 22:26;79
23.09.2013 22:31;79
23.09.2013 22:36;79
23.09.2013 22:41;79
23.09.2013 22:46;79
23.09.2013 22:51;79
23.09.2013 22:57;79
24.09.2013 07:20;79
24.09.2013 07:25;85
24.09.2013 07:30;79
24.09.2013 08:20;81
24.09.2013 08:25;82
24.09.2013 08:30;78
24.09.2013 08:35;78
24.09.2013 08:40;78
24.09.2013 08:45;78
24.09.2013 08:50;78
24.09.2013 08:55;78
24.09.2013 09:00;78
24.09.2013 09:05;78
24.09.2013 09:10;78
24.09.2013 09:15;78
24.09.2013 09:20;78
24.09.2013 09:25;78
24.09.2013 09:30;78
24.09.2013 09:35;78
24.09.2013 09:40;78
24.09.2013 09:45;78
24.09.2013 09:50;78
24.09.2013 09:55;78
24.09.2013 10:00;78
24.09.2013 10:05;78
24.09.2013 10:10;78
24.09.2013 10:15;78
24.09.2013 10:20;78
24.09.2013 10:25;78
24.09.2013 10:30;78
24.09.2013 10:35;78
24.09.2013 10:40;78
24.09.2013 10:45;78
24.09.2013 10:50;78
24.09.2013 10:55;78
24.09.2013 11:00;78
24.09.2013 11:05;78
24.09.2013 11:10;78
24.09.2013 11:15;79
24.09.2013 11:20;79
24.09.2013 11:25;79
24.09.2013 11:30;78
24.09.2013 11:35;80
24.09.2013 11:40;79
24.09.2013 11:45;79
24.09.2013 11:50;79
24.09.2013 11:55;79
24.09.2013 12:00;79
24.09.2013 12:05;79
24.09.2013 12:10;79
24.09.2013 12:15;79
24.09.2013 12:20;79
24.09.2013 12:25;79
24.09.2013 12:30;79
24.09.2013 12:35;79
24.09.2013 12:40;80
24.09.2013 12:45;80
24.09.2013 12:50;80
24.09.2013 12:55;79
24.09.2013 13:00;80
24.09.2013 13:05;80
24.09.2013 13:10;81
24.09.2013 13:15;81
24.09.2013 13:20;80
24.09.2013 13:25;81
24.09.2013 13:30;81
24.09.2013 13:35;80
24.09.2013 13:40;80
24.09.2013 13:45;79
24.09.2013 13:50;80
24.09.2013 13:55;80
24.09.2013 14:00;80
24.09.2013 14:05;81
24.09.2013 14:10;80
24.09.2013 14:15;82
24.09.2013 14:20;81
24.09.2013 14:25;81
24.09.2013 14:30;81
24.09.2013 14:35;85
24.09.2013 14:40;79
24.09.2013 14:45;79
24.09.2013 14:50;79
24.09.2013 14:55;79
24.09.2013 15:00;79
24.09.2013 15:05;79
24.09.2013 15:10;79
24.09.2013 15:15;79
24.09.2013 15:20;79
24.09.2013 15:25;79
24.09.2013 15:30;79
24.09.2013 15:35;78
24.09.2013 15:40;78
24.09.2013 15:45;78
24.09.2013 15:50;77
24.09.2013 15:55;77
24.09.2013 16:00;77
24.09.2013 16:05;79
24.09.2013 16:10;80
24.09.2013 16:15;77
24.09.2013 16:20;79
24.09.2013 16:25;80
24.09.2013 16:30;79
24.09.2013 16:35;79
24.09.2013 16:40;78
24.09.2013 18:04;79
24.09.2013 18:09;81
24.09.2013 18:14;80
24.09.2013 18:19;80
24.09.2013 18:24;80
24.09.2013 18:29;80
24.09.2013 18:34;79
24.09.2013 18:39;79
24.09.2013 18:44;79
24.09.2013 18:49;83
24.09.2013 18:54;82
24.09.2013 18:59;82
24.09.2013 19:04;82
24.09.2013 19:09;82
24.09.2013 19:14;82
24.09.2013 19:19;82
24.09.2013 19:24;82
24.09.2013 19:29;83
24.09.2013 19:34;88
24.09.2013 19:39;88
24.09.2013 19:44;91
24.09.2013 19:49;91
24.09.2013 19:54;75
24.09.2013 19:59;75
24.09.2013 20:04;75
24.09.2013 20:09;75
24.09.2013 20:14;75
24.09.2013 20:19;76
24.09.2013 20:24;76
24.09.2013 20:29;76
24.09.2013 20:34;76
24.09.2013 20:39;76
24.09.2013 20:44;76
24.09.2013 20:49;76
24.09.2013 20:54;76
24.09.2013 20:59;76
24.09.2013 21:04;77
24.09.2013 21:09;77
24.09.2013 21:14;76
24.09.2013 21:19;76
24.09.2013 21:24;76
24.09.2013 21:29;76
24.09.2013 21:34;76
24.09.2013 21:39;76
24.09.2013 21:44;76
24.09.2013 21:49;76
24.09.2013 21:54;76
24.09.2013 21:59;76
24.09.2013 22:04;76
24.09.2013 22:09;76
24.09.2013 22:14;76
24.09.2013 22:19;76
24.09.2013 22:24;76
24.09.2013 22:29;76
24.09.2013 22:34;77
24.09.2013 22:39;79
24.09.2013 22:44;77
25.09.2013 06:53;77
25.09.2013 06:58;85
25.09.2013 07:03;77
25.09.2013 07:08;77
25.09.2013 08:09;76
25.09.2013 08:14;76
25.09.2013 08:19;76
25.09.2013 08:24;77
25.09.2013 08:29;80
25.09.2013 08:34;80
25.09.2013 08:39;82
25.09.2013 08:44;82
25.09.2013 08:49;83
25.09.2013 08:54;81
25.09.2013 08:59;76
25.09.2013 09:04;76
25.09.2013 09:09;78
25.09.2013 09:14;78
25.09.2013 09:19;76
25.09.2013 09:24;77
25.09.2013 09:29;77
25.09.2013 09:34;77
25.09.2013 09:39;77
25.09.2013 09:44;77
25.09.2013 09:49;77
25.09.2013 09:54;77
25.09.2013 09:59;77
25.09.2013 10:04;77
25.09.2013 10:09;75
25.09.2013 10:14;77
25.09.2013 10:19;76
25.09.2013 10:24;75
25.09.2013 10:29;75
25.09.2013 10:34;75
25.09.2013 10:39;75
25.09.2013 10:44;75
25.09.2013 10:49;75
25.09.2013 10:54;77
25.09.2013 10:59;75
25.09.2013 11:04;75
25.09.2013 11:09;75
25.09.2013 11:14;77
25.09.2013 11:19;81
25.09.2013 11:24;75
25.09.2013 11:29;75
25.09.2013 11:34;77
25.09.2013 11:39;76
25.09.2013 12:57;76
25.09.2013 13:03;76
25.09.2013 13:08;76
25.09.2013 13:13;76
25.09.2013 13:18;76
25.09.2013 13:23;78
25.09.2013 13:28;80
25.09.2013 13:33;77
25.09.2013 13:38;76
25.09.2013 13:43;76
25.09.2013 13:48;76
25.09.2013 13:53;76
25.09.2013 13:58;77
25.09.2013 14:03;77
25.09.2013 14:08;77
25.09.2013 14:13;78
25.09.2013 14:18;77
25.09.2013 14:23;76
25.09.2013 14:28;76
25.09.2013 14:34;76
25.09.2013 14:39;76
25.09.2013 14:44;76
25.09.2013 14:49;76
25.09.2013 14:54;76
25.09.2013 14:59;76
25.09.2013 15:04;76
25.09.2013 15:09;76
25.09.2013 15:14;76
25.09.2013 15:19;76
25.09.2013 15:24;76
25.09.2013 15:29;76
25.09.2013 15:34;76
25.09.2013 15:42;76
25.09.2013 15:47;77
25.09.2013 15:52;77
25.09.2013 15:57;76
25.09.2013 16:04;76
25.09.2013 16:09;76
25.09.2013 16:14;76
25.09.2013 16:19;76
25.09.2013 16:24;76
25.09.2013 16:29;76
25.09.2013 16:34;77
25.09.2013 16:39;77
25.09.2013 16:44;77
25.09.2013 16:49;77
25.09.2013 16:54;77
25.09.2013 16:59;77
25.09.2013 17:04;77
25.09.2013 17:09;76
25.09.2013 17:14;76
25.09.2013 19:39;77
25.09.2013 19:44;77
25.09.2013 19:49;77
25.09.2013 19:54;77
25.09.2013 19:59;77
25.09.2013 20:04;78
25.09.2013 20:09;78
25.09.2013 20:14;78
25.09.2013 20:19;78
25.09.2013 20:24;78
25.09.2013 20:29;78
25.09.2013 20:34;78
25.09.2013 20:39;78
25.09.2013 20:44;78
25.09.2013 20:49;78
25.09.2013 20:54;78
25.09.2013 20:59;78
25.09.2013 21:04;78
25.09.2013 21:09;78
25.09.2013 21:14;78
25.09.2013 21:19;78
25.09.2013 21:24;78
25.09.2013 21:29;78
25.09.2013 21:34;78
25.09.2013 21:39;78
25.09.2013 21:44;78
25.09.2013 21:49;78
25.09.2013 21:54;78
25.09.2013 21:59;78
25.09.2013 22:04;78
25.09.2013 22:09;78
25.09.2013 22:14;78
25.09.2013 22:19;78
25.09.2013 22:24;78
25.09.2013 22:29;78
25.09.2013 22:34;78
25.09.2013 22:39;78
25.09.2013 22:49;77
26.09.2013 07:21;78
26.09.2013 07:26;78
26.09.2013 07:31;82
26.09.2013 07:36;79
26.09.2013 07:41;78
26.09.2013 08:32;78
26.09.2013 08:37;79
26.09.2013 08:42;79
26.09.2013 08:47;78
26.09.2013 08:52;78
26.09.2013 08:57;78
26.09.2013 09:02;78
26.09.2013 09:07;78
26.09.2013 09:12;79
26.09.2013 09:17;74
26.09.2013 09:22;73
26.09.2013 09:27;73
26.09.2013 09:32;73
26.09.2013 09:37;73
26.09.2013 09:42;73
26.09.2013 09:47;73
26.09.2013 09:52;73
26.09.2013 09:57;73
26.09.2013 10:02;73
26.09.2013 10:07;73
26.09.2013 10:12;73
26.09.2013 10:17;73
26.09.2013 10:22;74
26.09.2013 10:27;73
26.09.2013 10:32;74
26.09.2013 10:37;75
26.09.2013 10:42;76
26.09.2013 10:47;77
26.09.2013 10:52;76
26.09.2013 10:57;77
26.09.2013 11:02;74
26.09.2013 11:07;74
26.09.2013 11:12;74
26.09.2013 11:17;75
26.09.2013 11:22;75
26.09.2013 11:27;75
26.09.2013 11:32;75
26.09.2013 11:37;75
26.09.2013 11:42;75
26.09.2013 11:47;75
26.09.2013 11:52;75
26.09.2013 11:57;75
26.09.2013 12:02;75
26.09.2013 12:07;75
26.09.2013 12:12;75
26.09.2013 12:17;75
26.09.2013 12:22;75
26.09.2013 12:27;75
26.09.2013 12:32;75
26.09.2013 12:37;75
26.09.2013 12:42;77
26.09.2013 12:47;76
26.09.2013 12:52;76
26.09.2013 12:57;74
26.09.2013 13:02;74
26.09.2013 13:07;74
26.09.2013 13:12;75
26.09.2013 13:17;75
26.09.2013 13:22;75
26.09.2013 13:27;75
26.09.2013 13:32;75
26.09.2013 13:37;75
26.09.2013 13:42;75
26.09.2013 13:47;75
26.09.2013 13:52;75
26.09.2013 13:57;75
26.09.2013 14:02;76
26.09.2013 14:07;75
26.09.2013 14:12;77
26.09.2013 14:17;74
26.09.2013 14:22;74
26.09.2013 14:27;73
26.09.2013 14:32;76
26.09.2013 14:37;76
26.09.2013 14:42;76
26.09.2013 14:47;77
26.09.2013 14:52;74
26.09.2013 14:57;73
26.09.2013 15:02;73
26.09.2013 15:07;73
26.09.2013 15:12;73
26.09.2013 15:17;73
26.09.2013 15:22;73
26.09.2013 15:27;73
26.09.2013 15:32;73
26.09.2013 15:37;74
26.09.2013 15:42;74
26.09.2013 15:47;75
26.09.2013 15:52;76
26.09.2013 15:57;74
26.09.2013 16:02;74
26.09.2013 16:07;74
26.09.2013 16:12;74
26.09.2013 16:17;75
26.09.2013 16:22;75
26.09.2013 16:27;75
26.09.2013 16:32;75
26.09.2013 16:37;75
26.09.2013 16:42;75
26.09.2013 16:47;75
26.09.2013 16:52;75
26.09.2013 16:57;75
26.09.2013 18:08;73
26.09.2013 18:13;75
26.09.2013 18:18;75
26.09.2013 18:23;76
26.09.2013 18:28;76
26.09.2013 18:33;76
26.09.2013 18:38;78
26.09.2013 18:43;78
26.09.2013 18:48;78
26.09.2013 18:53;78
26.09.2013 18:58;78
26.09.2013 19:03;78
26.09.2013 19:08;78
26.09.2013 19:13;78
26.09.2013 19:18;21
26.09.2013 19:22;76
26.09.2013 19:27;76
26.09.2013 19:32;80
26.09.2013 19:37;79
26.09.2013 19:42;80
26.09.2013 19:47;66
26.09.2013 19:52;66
26.09.2013 19:57;66
26.09.2013 20:02;66
26.09.2013 20:07;66
26.09.2013 20:12;66
26.09.2013 20:17;66
26.09.2013 20:22;66
26.09.2013 20:27;66
26.09.2013 20:32;66
26.09.2013 20:37;66
26.09.2013 20:42;66
26.09.2013 20:47;66
26.09.2013 20:52;66
26.09.2013 20:57;66
26.09.2013 21:02;66
26.09.2013 21:07;66
26.09.2013 21:12;66
26.09.2013 21:17;66
26.09.2013 21:22;68
26.09.2013 21:27;67
26.09.2013 21:32;67
26.09.2013 21:37;67
26.09.2013 21:42;67
26.09.2013 21:47;67
26.09.2013 21:52;67
26.09.2013 21:57;67
26.09.2013 22:02;67
26.09.2013 22:07;67
26.09.2013 22:12;67
26.09.2013 22:17;67
27.09.2013 06:49;67
27.09.2013 06:54;67
27.09.2013 06:59;67
27.09.2013 07:04;67
27.09.2013 08:00;68
27.09.2013 08:05;68
27.09.2013 08:10;70
27.09.2013 08:15;68
27.09.2013 08:20;67
27.09.2013 08:25;67
27.09.2013 08:30;67
27.09.2013 08:35;66
27.09.2013 08:40;66
27.09.2013 08:45;66
27.09.2013 08:50;66
27.09.2013 08:55;67
27.09.2013 09:00;67
27.09.2013 09:05;67
27.09.2013 09:10;67
27.09.2013 09:15;67
27.09.2013 09:20;67
27.09.2013 09:25;68
27.09.2013 09:30;68
27.09.2013 09:35;66
27.09.2013 09:40;66
27.09.2013 09:45;66
27.09.2013 09:50;67
27.09.2013 09:55;67
27.09.2013 10:00;67
27.09.2013 10:05;67
27.09.2013 10:10;67
27.09.2013 10:15;67
27.09.2013 10:20;67
27.09.2013 10:25;67
27.09.2013 10:30;67
27.09.2013 10:35;67
27.09.2013 10:40;66
27.09.2013 10:45;67
27.09.2013 10:50;67
27.09.2013 10:55;68
27.09.2013 11:00;67
27.09.2013 11:05;67
27.09.2013 11:10;69
27.09.2013 11:15;69
27.09.2013 11:20;69
27.09.2013 11:25;69
27.09.2013 11:30;71
27.09.2013 11:35;69
27.09.2013 11:40;69
27.09.2013 11:45;68
27.09.2013 11:50;68
27.09.2013 11:55;68
27.09.2013 12:00;68
27.09.2013 12:05;68
27.09.2013 12:10;68
27.09.2013 12:15;68
27.09.2013 12:20;68
27.09.2013 12:25;68
27.09.2013 12:30;68
27.09.2013 12:35;68
27.09.2013 12:40;68
27.09.2013 12:45;68
27.09.2013 12:50;68
27.09.2013 12:55;68
27.09.2013 13:00;68
27.09.2013 13:05;68
27.09.2013 13:10;68
27.09.2013 13:15;68
27.09.2013 13:20;68
27.09.2013 13:25;68
27.09.2013 13:30;68
27.09.2013 13:35;68
27.09.2013 13:40;68
27.09.2013 13:45;68
27.09.2013 13:50;68
27.09.2013 13:55;68
27.09.2013 14:00;68
27.09.2013 14:05;68
27.09.2013 14:10;68
27.09.2013 14:15;68
27.09.2013 14:20;76
27.09.2013 14:25;73
27.09.2013 14:30;73
27.09.2013 14:35;73
27.09.2013 14:40;73
27.09.2013 14:45;73
27.09.2013 14:50;74
27.09.2013 15:09;68
27.09.2013 15:14;68
27.09.2013 15:19;67
27.09.2013 15:24;69
27.09.2013 15:29;68
27.09.2013 15:34;67
27.09.2013 15:39;67
27.09.2013 15:44;67
27.09.2013 16:56;67
27.09.2013 17:01;67
27.09.2013 17:06;67
27.09.2013 17:11;67
27.09.2013 17:16;67
27.09.2013 17:21;69
27.09.2013 17:26;67
27.09.2013 17:31;67
27.09.2013 17:36;67
27.09.2013 17:41;71
27.09.2013 17:46;69
27.09.2013 17:51;70
27.09.2013 17:56;69
27.09.2013 18:01;71
27.09.2013 18:06;71
27.09.2013 18:11;71
27.09.2013 18:16;71
27.09.2013 18:21;71
27.09.2013 18:26;72
27.09.2013 18:31;72
27.09.2013 18:36;74
27.09.2013 18:41;78
27.09.2013 18:46;79
27.09.2013 18:51;73
27.09.2013 18:56;71
27.09.2013 19:01;73
27.09.2013 19:06;74
27.09.2013 19:11;73
27.09.2013 19:16;73
27.09.2013 19:21;74
27.09.2013 19:26;68
27.09.2013 19:31;69
27.09.2013 19:36;68
27.09.2013 19:41;68
27.09.2013 20:39;69
27.09.2013 20:44;69
28.09.2013 00:58;69
28.09.2013 01:03;69
28.09.2013 01:08;69
28.09.2013 01:13;69
28.09.2013 01:18;69
28.09.2013 01:23;69
28.09.2013 01:28;69
28.09.2013 01:33;69
28.09.2013 01:38;69
28.09.2013 09:55;75
28.09.2013 10:00;69
28.09.2013 10:05;69
28.09.2013 10:10;69
28.09.2013 10:15;70
28.09.2013 10:20;70
28.09.2013 10:25;71
28.09.2013 10:30;69
28.09.2013 10:35;69
28.09.2013 10:40;69
28.09.2013 10:45;69
28.09.2013 10:50;70
28.09.2013 10:55;70
28.09.2013 11:00;70
28.09.2013 11:05;70
28.09.2013 11:10;70
28.09.2013 11:15;70
28.09.2013 11:20;70
28.09.2013 11:25;69
28.09.2013 11:30;69
28.09.2013 11:35;69
28.09.2013 11:40;69
28.09.2013 11:45;69
28.09.2013 11:50;70
28.09.2013 11:55;69
28.09.2013 12:00;71
28.09.2013 12:05;72
28.09.2013 12:10;74
28.09.2013 12:15;75
28.09.2013 12:20;78
28.09.2013 12:25;78
28.09.2013 12:30;74
28.09.2013 12:35;74
28.09.2013 12:40;74
28.09.2013 12:45;74
28.09.2013 12:50;74
28.09.2013 12:55;75
28.09.2013 13:00;75
28.09.2013 13:05;75
28.09.2013 13:10;75
28.09.2013 13:15;71
28.09.2013 13:20;70
28.09.2013 13:25;70
28.09.2013 13:30;71
28.09.2013 13:35;72
28.09.2013 13:40;70
28.09.2013 14:15;70
28.09.2013 14:20;70
28.09.2013 19:54;70
28.09.2013 22:11;70
28.09.2013 22:16;71
28.09.2013 22:21;71
28.09.2013 22:26;72
28.09.2013 22:31;72
28.09.2013 22:36;72
28.09.2013 22:41;72
28.09.2013 22:46;71
28.09.2013 22:51;71
28.09.2013 22:56;71
28.09.2013 23:01;71
28.09.2013 23:06;71
28.09.2013 23:11;71
28.09.2013 23:16;71
28.09.2013 23:21;71
28.09.2013 23:26;71
28.09.2013 23:31;71
28.09.2013 23:36;71
28.09.2013 23:41;71
28.09.2013 23:46;71
28.09.2013 23:51;71
28.09.2013 23:56;71
29.09.2013 00:01;71
29.09.2013 00:06;71
29.09.2013 00:11;71
29.09.2013 00:16;71
29.09.2013 00:21;71
29.09.2013 00:26;71
29.09.2013 00:31;71
29.09.2013 00:36;71
29.09.2013 00:41;71
29.09.2013 00:46;71
29.09.2013 00:51;71
29.09.2013 00:56;71
29.09.2013 01:01;72
29.09.2013 10:03;73
29.09.2013 10:08;73
29.09.2013 10:13;73
29.09.2013 10:18;73
29.09.2013 10:23;73
29.09.2013 10:28;73
29.09.2013 10:33;73
29.09.2013 10:38;73
29.09.2013 10:43;73
29.09.2013 10:48;73
29.09.2013 10:53;73
29.09.2013 17:55;73
29.09.2013 18:00;73
29.09.2013 18:05;74
29.09.2013 18:10;77
29.09.2013 18:15;78
29.09.2013 18:20;79
29.09.2013 18:25;79
29.09.2013 18:30;78
29.09.2013 18:35;75
29.09.2013 18:40;78
29.09.2013 18:45;74
29.09.2013 18:50;75
29.09.2013 18:55;77
29.09.2013 19:00;76
29.09.2013 19:05;76
29.09.2013 19:10;76
29.09.2013 19:15;76
29.09.2013 19:20;75
29.09.2013 19:25;74
29.09.2013 19:30;74
29.09.2013 19:35;74
29.09.2013 19:40;74
29.09.2013 19:45;74
29.09.2013 19:50;74
29.09.2013 19:55;74
29.09.2013 20:00;74
29.09.2013 20:05;74
29.09.2013 20:10;74
29.09.2013 20:15;74
29.09.2013 20:20;74
29.09.2013 20:25;74
29.09.2013 20:30;74
29.09.2013 20:35;74
29.09.2013 20:40;74
29.09.2013 20:45;74
29.09.2013 20:50;74
29.09.2013 20:55;75
29.09.2013 21:00;75
29.09.2013 21:05;75
29.09.2013 21:10;75
29.09.2013 21:15;75
29.09.2013 21:20;75
29.09.2013 21:25;75
29.09.2013 21:30;75
29.09.2013 21:35;75
29.09.2013 21:40;75
29.09.2013 21:45;75
29.09.2013 21:50;75
29.09.2013 21:55;75
29.09.2013 22:00;75
29.09.2013 22:05;75
29.09.2013 22:10;75
29.09.2013 22:15;75
29.09.2013 22:20;75
29.09.2013 22:25;75
29.09.2013 22:30;75
29.09.2013 22:35;74
29.09.2013 22:40;74
29.09.2013 22:45;74
29.09.2013 22:50;74
29.09.2013 22:55;74
29.09.2013 23:00;74
29.09.2013 23:05;74
29.09.2013 23:10;74
29.09.2013 23:15;74
29.09.2013 23:20;74
29.09.2013 23:25;74
29.09.2013 23:30;75
29.09.2013 23:35;75
30.09.2013 08:53;76
30.09.2013 08:58;76
30.09.2013 09:03;76
30.09.2013 09:08;76
30.09.2013 09:13;80
30.09.2013 09:18;84
30.09.2013 09:23;84
30.09.2013 09:28;76
30.09.2013 09:33;76
30.09.2013 09:38;75
30.09.2013 09:43;73
30.09.2013 09:48;72
30.09.2013 09:53;72
30.09.2013 09:58;72
30.09.2013 10:03;72
30.09.2013 10:08;72
30.09.2013 10:13;72
30.09.2013 10:18;72
30.09.2013 10:23;77
30.09.2013 10:28;73
30.09.2013 10:33;73
30.09.2013 10:38;73
30.09.2013 10:43;79
30.09.2013 10:48;78
30.09.2013 10:53;79
30.09.2013 10:58;80
30.09.2013 11:03;79
30.09.2013 11:08;77
30.09.2013 11:13;78
30.09.2013 11:18;78
30.09.2013 11:23;79
30.09.2013 11:28;78
30.09.2013 11:33;77
30.09.2013 11:38;77
30.09.2013 11:43;79
30.09.2013 11:48;80
30.09.2013 11:53;81
30.09.2013 11:58;80
30.09.2013 12:03;79
30.09.2013 12:08;81
30.09.2013 12:13;81
30.09.2013 15:08;79
30.09.2013 15:13;79
30.09.2013 15:18;79
30.09.2013 15:23;79
30.09.2013 15:28;79
30.09.2013 15:33;79
30.09.2013 15:38;79
30.09.2013 16:00;79
30.09.2013 20:40;77
30.09.2013 20:45;76
30.09.2013 20:50;77
30.09.2013 20:55;77
30.09.2013 21:00;77
30.09.2013 21:05;77
30.09.2013 21:10;78
30.09.2013 21:15;78
30.09.2013 21:20;78
30.09.2013 21:25;78
30.09.2013 23:34;76
30.09.2013 23:39;76
30.09.2013 23:44;76
30.09.2013 23:49;76
30.09.2013 23:54;76
30.09.2013 23:59;76